"","X140.COUNTRIES","Code","PRS16VA","PRS16PV","PRS16GE","PRS16RQ","PRS16RL","PRS16CC","PRS15VA","PRS15PV","PRS15GE","PRS15RQ","PRS15RL","PRS15CC","PRS14VA","PRS14PV","PRS14GE","PRS14RQ","PRS14RL","PRS14CC","PRS13VA","PRS13PV","PRS13GE","PRS13RQ","PRS13RL","PRS13CC","PRS12VA","PRS12PV","PRS12GE","PRS12RQ","PRS12RL","PRS12CC","PRS11VA","PRS11PV","PRS11GE","PRS11RQ","PRS11RL","PRS11CC","PRS10VA","PRS10PV","PRS10GE","PRS10RQ","PRS10RL","PRS10CC","PRS09VA","PRS09PV","PRS09GE","PRS09RQ","PRS09RL","PRS09CC","PRS08VA","PRS08PV","PRS08GE","PRS08RQ","PRS08RL","PRS08CC","PRS07VA","PRS07PV","PRS07GE","PRS07RQ","PRS07RL","PRS07CC","PRS06VA","PRS06PV","PRS06GE","PRS06RQ","PRS06RL","PRS06CC","PRS05VA","PRS05PV","PRS05GE","PRS05RQ","PRS05RL","PRS05CC","PRS04VA","PRS04PV","PRS04GE","PRS04RQ","PRS04RL","PRS04CC","PRS03VA","PRS03PV","PRS03GE","PRS03RQ","PRS03RL","PRS03CC","PRS02VA","PRS02PV","PRS02GE","PRS02RQ","PRS02RL","PRS02CC","PRS00VA","PRS00PV","PRS00GE","PRS00RQ","PRS00RL","PRS00CC"
"1","Country","Year","2016","2016","2016","2016","2016","2016","2015","2015","2015","2015","2015","2015","2014","2014","2014","2014","2014","2014","2013","2013","2013","2013","2013","2013","2012","2012","2012","2012","2012","2012","2011","2011","2011","2011","2011","2011","2010","2010","2010","2010","2010","2010","2009","2009","2009","2009","2009","2009","2008","2008","2008","2008","2008","2008","2007","2007","2007","2007","2007","2007","2006","2006","2006","2006","2006","2006","2005","2005","2005","2005","2005","2005","2004","2004","2004","2004","2004","2004","2003","2003","2003","2003","2003","2003","2002","2002","2002","2002","2002","2002","2000","2000","2000","2000","2000","2000"
"2","Albania","ALB","0,83","0,76","0,5","0,64","0,42","0,42","0,83","0,73","0,5","0,55","0,42","0,42","0,83","0,73","0,5","0,55","0,42","0,42","0,83","0,79","0,5","0,55","0,42","0,33","0,83","0,71","0,5","0,55","0,42","0,33","0,83","0,71","0,5","0,68","0,42","0,33","0,83","0,74","0,5","0,68","0,42","0,33","0,83","0,77","0,5","0,68","0,42","0,25","0,83","0,79","0,5","0,68","0,42","0,25","0,79","0,79","0,5","0,68","0,42","0,17","0,83","0,8","0,5","0,64","0,42","0,17","0,83","0,79","0,5","0,64","0,42","0,17","0,75","0,76","0,5","0,64","0,33","0,33","0,75","0,81","0,5","0,64","0,33","0,33","0,71","0,86","0,5","0,64","0,33","0,33","0,75","0,78","0,25","0,45","0,33","0,33"
"3","Algeria","DZA","0,54","0,6","0,5","0,55","0,5","0,33","0,5","0,63","0,5","0,68","0,5","0,33","0,5","0,61","0,5","0,68","0,5","0,33","0,54","0,6","0,5","0,68","0,5","0,33","0,54","0,61","0,5","0,59","0,5","0,33","0,54","0,62","0,5","0,59","0,5","0,33","0,54","0,7","0,5","0,59","0,5","0,33","0,54","0,74","0,5","0,64","0,5","0,25","0,58","0,71","0,5","0,64","0,5","0,25","0,63","0,71","0,5","0,68","0,5","0,25","0,63","0,73","0,5","0,68","0,5","0,25","0,63","0,71","0,5","0,77","0,5","0,25","0,63","0,67","0,5","0,68","0,5","0,25","0,17","0,53","0,5","0,64","0,33","0,25","0,17","0,57","0,5","0,64","0,33","0,25","0,25","0,54","0,5","0,55","0,33","0,33"
"4","Angola","AGO","0,38","0,66","0,38","0,5","0,42","0,17","0,38","0,65","0,38","0,5","0,42","0,17","0,38","0,65","0,38","0,59","0,42","0,17","0,38","0,68","0,38","0,64","0,42","0,25","0,38","0,69","0,38","0,59","0,42","0,25","0,38","0,67","0,38","0,59","0,42","0,33","0,33","0,73","0,38","0,64","0,5","0,33","0,33","0,75","0,38","0,64","0,5","0,33","0,33","0,75","0,38","0,64","0,5","0,33","0,33","0,73","0,38","0,64","0,5","0,33","0,33","0,74","0,25","0,64","0,5","0,33","0,33","0,73","0,25","0,59","0,5","0,33","0,33","0,72","0,25","0,64","0,5","0,33","0,42","0,74","0,25","0,64","0,5","0,33","0,33","0,67","0,25","0,68","0,5","0,33","0,33","0,65","0,25","0,09","0,5","0,33"
"5","Argentina","ARG","0,71","0,75","0,75","0,64","0,33","0,33","0,71","0,8","0,75","0,55","0,33","0,33","0,71","0,73","0,75","0,45","0,33","0,33","0,71","0,72","0,75","0,5","0,33","0,33","0,71","0,72","0,75","0,45","0,33","0,33","0,75","0,81","0,75","0,5","0,42","0,42","0,75","0,74","0,75","0,41","0,42","0,42","0,75","0,74","0,75","0,41","0,42","0,42","0,75","0,76","0,75","0,41","0,42","0,42","0,75","0,84","0,75","0,5","0,42","0,42","0,75","0,88","0,75","0,5","0,42","0,42","0,75","0,85","0,75","0,55","0,5","0,42","0,71","0,8","0,75","0,41","0,5","0,42","0,71","0,84","0,75","0,41","0,25","0,42","0,71","0,67","0,75","0,32","0,25","0,33","0,75","0,86","0,75","0,36","0,83","0,5"
"6","Armenia","ARM","0,5","0,66","0,25","0,59","0,5","0,33","0,5","0,66","0,25","0,59","0,5","0,33","0,5","0,65","0,25","0,59","0,5","0,33","0,5","0,7","0,25","0,64","0,5","0,25","0,5","0,7","0,25","0,64","0,5","0,25","0,5","0,68","0,25","0,68","0,5","0,25","0,5","0,74","0,25","0,68","0,5","0,25","0,5","0,77","0,25","0,68","0,5","0,25","0,5","0,76","0,25","0,68","0,5","0,25","0,58","0,76","0,25","0,68","0,5","0,25","0,54","0,76","0,25","0,68","0,5","0,25","0,54","0,73","0,25","0,64","0,5","0,25","0,5","0,72","0,25","0,64","0,5","0,25","0,5","0,75","0,25","0,64","0,5","0,25","0,63","0,67","0,25","0,64","0,5","0,25","0,67","0,66","0,25","0,27","0,5","0,33"
"7","Australia","AUS","1","0,71","1","1","0,92","0,75","1","0,72","1","1","0,92","0,75","1","0,72","1","1","0,92","0,75","1","0,76","1","0,91","0,92","0,75","1","0,72","1","0,86","0,92","0,75","1","0,69","1","0,86","0,92","0,83","1","0,72","1","0,86","0,92","0,83","1","0,79","1","1","0,92","0,75","1","0,78","1","1","0,92","0,75","1","0,77","1","1","0,92","0,75","1","0,73","1","1","0,92","0,75","1","0,76","1","1","0,92","0,83","1","0,77","1","1","1","0,83","1","0,76","1","0,95","1","0,75","1","0,79","1","0,82","1","0,75","1","0,83","1","0,82","1","0,83"
"8","Austria","AUT","1","0,72","1","0,77","1","0,75","1","0,72","1","0,77","1","0,75","1","0,76","1","0,77","1","0,75","1","0,77","1","0,64","1","0,75","1","0,75","1","0,64","1","0,75","1","0,77","1","0,77","1","0,75","1","0,8","1","0,95","1","0,83","1","0,84","1","1","1","0,83","1","0,84","1","1","1","0,83","0,96","0,81","1","1","1","0,83","0,96","0,73","1","1","1","0,83","0,92","0,79","1","1","1","0,83","0,92","0,81","1","1","1","0,83","0,92","0,83","1","1","1","0,83","0,92","0,81","1","1","1","0,83","0,92","0,73","1","0,82","1","0,67"
"9","Azerbaijan","AZE","0,38","0,64","0,25","0,45","0,58","0,25","0,38","0,65","0,25","0,45","0,58","0,25","0,38","0,69","0,25","0,68","0,58","0,25","0,38","0,69","0,25","0,68","0,58","0,25","0,42","0,69","0,25","0,68","0,58","0,25","0,42","0,73","0,25","0,77","0,58","0,25","0,42","0,74","0,25","0,77","0,58","0,25","0,42","0,76","0,25","0,77","0,58","0,25","0,42","0,72","0,25","0,77","0,58","0,25","0,46","0,71","0,25","0,77","0,58","0,25","0,46","0,73","0,25","0,77","0,58","0,25","0,46","0,72","0,25","0,77","0,58","0,25","0,46","0,73","0,25","0,64","0,67","0,33","0,46","0,71","0,25","0,59","0,67","0,33","0,5","0,63","0,25","0,73","0,67","0,33","0,5","0,67","0,25","0,73","0,67","0,33"
"10","Bahamas, The","BHS","0,96","0,79","0,75","0,91","0,67","0,75","0,96","0,8","0,75","0,91","0,75","0,75","0,96","0,8","0,75","0,86","0,75","0,75","0,96","0,8","0,75","0,86","0,75","0,67","0,96","0,81","0,75","0,86","0,75","0,67","0,96","0,79","0,75","0,95","0,75","0,67","0,96","0,83","0,75","0,95","0,75","0,67","0,96","0,83","0,75","0,95","0,75","0,67","0,96","0,83","0,75","0,95","0,75","0,67","0,96","0,83","0,75","0,95","0,75","0,67","0,92","0,87","0,75","0,95","0,75","0,67","0,92","0,87","0,75","0,95","0,75","0,67","0,92","0,91","0,75","0,95","0,75","0,67","0,83","0,9","0,75","0,95","0,67","0,67","0,83","0,91","0,75","0,95","0,67","0,67","0,83","0,91","0,75","0,82","0,67","0,67"
"11","Bahrain","BHR","0,54","0,64","0,5","0,68","0,75","0,42","0,54","0,66","0,5","0,77","0,75","0,42","0,54","0,66","0,5","0,77","0,75","0,5","0,54","0,63","0,5","0,82","0,75","0,5","0,58","0,64","0,5","0,86","0,75","0,5","0,63","0,69","0,5","0,86","0,83","0,42","0,63","0,78","0,5","0,95","0,83","0,42","0,63","0,78","0,5","0,95","0,83","0,33","0,63","0,78","0,5","0,95","0,83","0,33","0,63","0,8","0,5","0,95","0,83","0,33","0,63","0,78","0,5","0,95","0,83","0,33","0,46","0,83","0,5","0,95","0,83","0,33","0,5","0,84","0,5","0,95","0,83","0,33","0,63","0,86","0,5","0,95","0,83","0,33","0,63","0,91","0,5","0,95","0,83","0,33","0,25","0,76","0,5","0,73","0,83","0,5"
"12","Bangladesh","BGD","0,5","0,58","0,5","0,5","0,33","0,5","0,5","0,58","0,5","0,59","0,33","0,5","0,5","0,56","0,5","0,5","0,33","0,5","0,5","0,52","0,5","0,45","0,33","0,5","0,5","0,55","0,5","0,45","0,33","0,5","0,5","0,55","0,5","0,45","0,33","0,5","0,5","0,58","0,5","0,55","0,33","0,5","0,54","0,62","0,5","0,55","0,42","0,5","0,33","0,57","0,5","0,55","0,42","0,42","0,38","0,55","0,5","0,55","0,42","0,42","0,46","0,56","0,5","0,5","0,42","0,25","0,5","0,59","0,5","0,55","0,42","0,25","0,46","0,58","0,5","0,5","0,25","0,25","0,42","0,63","0,5","0,5","0,17","0,17","0,46","0,68","0,5","0,36","0,25","0,17","0,67","0,73","0,5","0,45","0,33","0,33"
"13","Belarus","BLR","0,33","0,74","0,38","0,55","0,58","0,33","0,33","0,73","0,38","0,5","0,58","0,33","0,33","0,67","0,25","0,5","0,58","0,33","0,33","0,67","0,25","0,5","0,58","0,25","0,33","0,67","0,25","0,5","0,58","0,25","0,38","0,64","0,25","0,45","0,67","0,33","0,38","0,79","0,25","0,64","0,67","0,33","0,38","0,8","0,25","0,64","0,67","0,33","0,38","0,79","0,25","0,64","0,67","0,33","0,33","0,78","0,25","0,41","0,67","0,33","0,33","0,79","0,25","0,41","0,67","0,33","0,33","0,77","0,25","0,41","0,67","0,33","0,5","0,83","0,25","0,41","0,67","0,33","0,58","0,83","0,25","0,41","0,67","0,33","0,5","0,79","0,25","0,41","0,67","0,33","0,5","0,75","0,25","0,27","0,67","0,5"
"14","Belgium","BEL","1","0,67","1","0,73","0,83","0,75","1","0,69","1","0,64","0,83","0,75","1","0,72","1","0,64","0,83","0,75","1","0,74","1","0,64","0,83","0,83","1","0,73","1","0,64","0,83","0,83","1","0,76","1","0,59","0,83","0,83","1","0,74","1","0,77","0,83","0,83","1","0,77","1","0,86","0,83","0,83","1","0,73","1","0,86","0,83","0,58","1","0,69","1","0,95","0,83","0,58","1","0,75","1","0,95","0,83","0,58","1","0,77","1","0,95","0,83","0,67","1","0,76","1","0,95","0,83","0,67","1","0,8","1","0,95","0,83","0,67","1","0,81","1","0,95","0,83","0,67","0,92","0,78","1","0,73","0,83","0,67"
"15","Bolivia","BOL","0,54","0,61","0,63","0,45","0,42","0,33","0,54","0,65","0,63","0,5","0,42","0,33","0,54","0,7","0,63","0,5","0,42","0,33","0,54","0,65","0,63","0,36","0,42","0,33","0,54","0,64","0,5","0,36","0,42","0,25","0,54","0,64","0,5","0,36","0,42","0,33","0,54","0,68","0,5","0,36","0,42","0,33","0,58","0,7","0,5","0,36","0,42","0,33","0,67","0,68","0,5","0,36","0,5","0,33","0,67","0,66","0,5","0,18","0,5","0,33","0,75","0,6","0,5","0,18","0,5","0,33","0,58","0,56","0,5","0,5","0,5","0,33","0,58","0,61","0,5","0,59","0,5","0,33","0,58","0,7","0,5","0,77","0,5","0,33","0,58","0,67","0,5","0,77","0,5","0,33","0,58","0,76","0,5","0,82","0,5","0,5"
"16","Botswana","BWA","0,71","0,77","0,5","0,86","0,58","0,67","0,71","0,79","0,5","0,86","0,58","0,67","0,71","0,8","0,5","0,86","0,58","0,67","0,71","0,8","0,5","0,86","0,58","0,58","0,71","0,8","0,5","0,86","0,58","0,58","0,71","0,76","0,5","0,86","0,58","0,58","0,79","0,82","0,5","0,86","0,58","0,58","0,79","0,86","0,5","0,86","0,58","0,58","0,79","0,85","0,5","0,86","0,58","0,58","0,79","0,85","0,5","0,86","0,58","0,58","0,79","0,86","0,5","0,86","0,67","0,67","0,83","0,86","0,5","0,95","0,67","0,5","0,83","0,86","0,5","0,95","0,67","0,5","0,83","0,84","0,5","0,95","0,58","0,5","0,75","0,84","0,5","0,95","0,58","0,5","0,75","0,91","0,5","0,91","0,67","0,5"
"17","Brazil","BRA","0,75","0,65","0,5","0,59","0,33","0,33","0,75","0,58","0,5","0,5","0,33","0,33","0,75","0,66","0,5","0,64","0,33","0,33","0,75","0,64","0,5","0,59","0,33","0,42","0,75","0,72","0,5","0,59","0,33","0,42","0,75","0,68","0,5","0,64","0,33","0,5","0,75","0,72","0,5","0,64","0,33","0,5","0,75","0,74","0,5","0,55","0,33","0,5","0,75","0,74","0,5","0,55","0,33","0,5","0,75","0,72","0,5","0,59","0,33","0,33","0,75","0,72","0,5","0,59","0,42","0,33","0,75","0,72","0,5","0,59","0,42","0,25","0,75","0,73","0,5","0,59","0,42","0,33","0,75","0,77","0,5","0,64","0,25","0,67","0,75","0,74","0,5","0,59","0,25","0,67","0,67","0,72","0,5","0,45","0,33","0,5"
"18","Brunei Darussalam","BRN","0,46","0,79","0,88","0,77","0,83","0,42","0,46","0,78","0,88","0,77","0,83","0,42","0,46","0,84","0,88","0,86","0,83","0,42","0,46","0,89","0,88","0,95","0,83","0,42","0,46","0,9","0,88","0,95","0,83","0,42","0,46","0,94","0,88","0,95","0,83","0,42","0,46","0,94","0,88","0,95","0,83","0,42","0,46","0,94","0,88","0,95","0,83","0,42","0,46","0,94","0,88","0,95","0,83","0,42","0,46","0,94","0,88","0,95","0,83","0,42","0,46","0,94","0,88","0,95","0,83","0,42","0,46","0,94","0,75","0,95","0,83","0,42","0,46","0,91","0,75","0,95","1","0,42","0,42","0,92","0,75","0,95","1","0,42","0,42","0,9","0,75","0,95","1","0,42","0,42","0,91","0,75","0,64","1","0,5"
"19","Bulgaria","BGR","0,88","0,69","0,5","0,86","0,5","0,5","0,88","0,7","0,5","0,86","0,5","0,42","0,88","0,68","0,5","0,68","0,42","0,42","0,88","0,69","0,5","0,73","0,42","0,33","0,88","0,7","0,5","0,73","0,42","0,33","0,88","0,69","0,5","0,68","0,42","0,33","0,88","0,69","0,5","0,77","0,42","0,33","0,88","0,72","0,5","0,86","0,42","0,33","0,88","0,72","0,5","0,95","0,42","0,33","0,88","0,77","0,5","0,95","0,42","0,33","0,88","0,79","0,5","0,95","0,42","0,33","0,88","0,74","0,5","0,95","0,67","0,33","0,83","0,71","0,5","0,95","0,67","0,33","0,83","0,76","0,5","0,95","0,67","0,33","0,83","0,79","0,5","0,95","0,67","0,33","0,83","0,75","0,5","0,82","0,67","0,33"
"20","Burkina Faso","BFA","0,58","0,63","0,25","0,59","0,58","0,42","0,58","0,63","0,25","0,59","0,5","0,42","0,42","0,61","0,25","0,59","0,5","0,42","0,46","0,61","0,25","0,55","0,5","0,33","0,46","0,64","0,25","0,55","0,5","0,33","0,42","0,61","0,25","0,59","0,5","0,33","0,46","0,67","0,25","0,77","0,58","0,33","0,46","0,69","0,25","0,77","0,58","0,33","0,46","0,71","0,25","0,77","0,58","0,33","0,46","0,71","0,25","0,77","0,58","0,33","0,5","0,71","0,25","0,77","0,58","0,33","0,5","0,71","0,25","0,73","0,58","0,33","0,54","0,67","0,25","0,73","0,58","0,33","0,54","0,71","0,25","0,73","0,58","0,33","0,63","0,72","0,25","0,73","0,58","0,33","0,58","0,76","0,25","0,64","0,67","0,33"
"21","Cameroon","CMR","0,42","0,61","0,38","0,64","0,33","0,33","0,42","0,63","0,38","0,64","0,33","0,33","0,42","0,63","0,38","0,64","0,33","0,33","0,42","0,71","0,38","0,64","0,33","0,33","0,46","0,7","0,38","0,59","0,33","0,33","0,46","0,71","0,38","0,59","0,33","0,42","0,5","0,75","0,38","0,73","0,33","0,42","0,5","0,79","0,38","0,73","0,33","0,58","0,54","0,79","0,38","0,73","0,33","0,67","0,63","0,79","0,25","0,73","0,33","0,58","0,63","0,78","0,25","0,68","0,42","0,5","0,63","0,79","0,25","0,64","0,33","0,33","0,63","0,64","0,25","0,64","0,33","0,33","0,5","0,63","0,25","0,5","0,33","0,33","0,5","0,65","0,25","0,5","0,33","0,33","0,5","0,63","0,25","0,64","0,33","0,33"
"22","Canada","CAN","1","0,76","1","1","0,92","0,83","1","0,76","1","1","0,92","0,83","1","0,73","1","1","0,92","0,83","1","0,75","1","1","0,92","0,83","1","0,78","1","1","0,92","0,83","0,96","0,79","1","1","0,92","0,83","0,96","0,77","1","0,91","0,92","0,83","1","0,79","1","0,95","0,92","0,83","1","0,71","1","0,95","1","0,83","1","0,74","1","1","1","0,83","1","0,71","1","1","1","0,83","1","0,74","1","1","1","0,83","1","0,76","1","1","1","0,67","1","0,82","1","1","1","0,83","1","0,75","1","1","1","0,67","1","0,78","1","0,82","1","1"
"23","Chile","CHL","0,79","0,67","0,75","0,86","0,75","0,75","0,79","0,66","0,75","0,86","0,75","0,75","0,79","0,7","0,75","0,86","0,75","0,75","0,79","0,7","0,75","0,86","0,75","0,75","0,79","0,66","0,75","0,95","0,75","0,75","0,79","0,66","0,75","0,95","0,75","0,75","0,79","0,72","0,75","0,95","0,75","0,75","0,79","0,74","0,75","0,95","0,83","0,75","0,79","0,74","0,75","0,95","0,83","0,75","0,79","0,75","0,75","0,95","0,83","0,75","0,79","0,78","0,75","0,95","0,83","0,75","0,79","0,83","0,75","0,95","0,83","0,75","0,67","0,83","0,75","0,95","0,83","0,42","0,67","0,81","0,75","0,91","0,83","0,42","0,67","0,8","0,75","0,86","0,83","0,67","0,67","0,8","0,75","0,73","0,83","0,67"
"24","China","CHN","0,38","0,59","0,5","0,45","0,58","0,33","0,38","0,61","0,5","0,45","0,58","0,33","0,38","0,62","0,5","0,45","0,58","0,33","0,38","0,66","0,5","0,59","0,58","0,33","0,38","0,69","0,5","0,59","0,58","0,33","0,38","0,68","0,5","0,55","0,58","0,33","0,38","0,69","0,5","0,5","0,67","0,33","0,38","0,75","0,5","0,55","0,75","0,42","0,38","0,8","0,5","0,55","0,75","0,42","0,38","0,84","0,5","0,55","0,75","0,42","0,33","0,8","0,5","0,55","0,75","0,25","0,33","0,82","0,5","0,59","0,75","0,33","0,33","0,87","0,5","0,55","0,75","0,33","0,33","0,9","0,5","0,59","0,75","0,33","0,29","0,87","0,5","0,59","0,75","0,17","0,25","0,83","0,5","0,82","0,67","0,17"
"25","Colombia","COL","0,58","0,74","0,5","0,64","0,33","0,42","0,54","0,7","0,5","0,64","0,33","0,42","0,54","0,71","0,5","0,64","0,33","0,42","0,54","0,65","0,5","0,64","0,33","0,42","0,54","0,63","0,5","0,64","0,33","0,42","0,54","0,7","0,5","0,64","0,33","0,5","0,54","0,74","0,5","0,68","0,33","0,5","0,54","0,7","0,5","0,68","0,33","0,5","0,54","0,67","0,5","0,68","0,33","0,5","0,54","0,65","0,5","0,68","0,25","0,42","0,54","0,66","0,5","0,68","0,25","0,42","0,54","0,64","0,5","0,68","0,17","0,5","0,54","0,66","0,5","0,73","0,17","0,5","0,42","0,59","0,5","0,68","0,17","0,5","0,42","0,56","0,5","0,77","0,17","0,5","0,42","0,69","0,5","0,18","0,17","0,33"
"26","Congo, Rep.","COG","0,5","0,7","0,25","0,55","0,33","0,25","0,5","0,73","0,25","0,68","0,33","0,25","0,25","0,73","0,25","0,68","0,33","0,25","0,25","0,73","0,25","0,68","0,33","0,25","0,25","0,73","0,25","0,68","0,33","0,25","0,25","0,72","0,25","0,68","0,33","0,33","0,25","0,76","0,25","0,68","0,33","0,33","0,25","0,76","0,25","0,68","0,33","0,33","0,25","0,76","0,25","0,73","0,33","0,33","0,25","0,73","0,25","0,73","0,33","0,33","0,25","0,76","0,25","0,73","0,33","0,33","0,25","0,76","0,25","0,68","0,33","0,33","0,25","0,8","0,25","0,59","0,33","0,33","0,25","0,79","0,25","0,59","0,33","0,33","0,25","0,76","0,25","0,68","0,33","0,33","0,08","0,76","0,25","0,45","0,33","0,67"
"27","Congo, Dem. Rep.","ZAR","0,29","0,43","0","0,5","0,17","0,25","0,29","0,44","0","0,5","0,17","0,25","0,17","0,42","0","0,45","0,17","0,25","0,17","0,45","0","0,45","0,17","0,25","0,17","0,47","0","0,45","0,17","0,25","0,17","0,46","0","0,45","0,17","0,25","0,17","0,47","0","0,45","0,17","0,25","0,17","0,52","0","0,45","0,17","0,25","0,17","0,5","0","0,45","0,17","0,17","0,17","0,47","0","0,45","0,17","0,17","0,17","0,43","0","0,45","0,17","0,17","0,13","0,44","0","0,45","0,17","0,17","0,08","0,46","0","0,45","0,17","0,17","0,08","0,54","0","0,45","0,17","0,17","0,08","0,53","0","0,45","0,17","0,17","0,08","0,43","0","0","0,17","0,17"
"28","Costa Rica","CRI","0,96","0,8","0,5","0,64","0,5","0,5","0,96","0,77","0,5","0,68","0,5","0,5","0,96","0,82","0,5","0,64","0,5","0,5","0,96","0,76","0,5","0,64","0,5","0,42","0,96","0,78","0,5","0,64","0,5","0,42","0,96","0,81","0,5","0,64","0,5","0,33","0,96","0,82","0,5","0,68","0,58","0,33","0,96","0,8","0,5","0,64","0,58","0,33","0,96","0,76","0,5","0,64","0,58","0,33","0,96","0,8","0,5","0,64","0,67","0,33","0,96","0,76","0,5","0,64","0,67","0,25","0,96","0,77","0,5","0,68","0,67","0,25","0,96","0,78","0,5","0,68","0,67","0,42","0,96","0,8","0,5","0,73","0,67","0,42","0,96","0,85","0,5","0,68","0,67","0,42","0,92","0,86","0,5","0,82","0,67","0,83"
"29","Côte d'Ivoire","CIV","0,5","0,57","0","0,64","0,42","0,33","0,38","0,59","0","0,64","0,42","0,33","0,38","0,59","0","0,64","0,42","0,33","0,38","0,56","0","0,59","0,42","0,25","0,38","0,52","0","0,64","0,42","0,25","0,38","0,59","0","0,5","0,42","0,33","0,38","0,54","0","0,36","0,42","0,33","0,29","0,55","0","0,36","0,42","0,42","0,29","0,57","0","0,36","0,42","0,42","0,29","0,58","0","0,36","0,42","0,33","0,29","0,56","0","0,36","0,42","0,25","0,25","0,47","0","0,36","0,42","0,25","0,25","0,53","0","0,41","0,42","0,33","0,25","0,59","0","0,45","0,42","0,5","0,21","0,49","0","0,45","0,42","0,5","0,33","0,61","0","0,09","0,5","0,5"
"30","Croatia","HRV","0,88","0,7","0,75","0,5","0,75","0,5","0,88","0,69","0,75","0,64","0,75","0,5","0,88","0,69","0,75","0,64","0,75","0,5","0,88","0,77","0,75","0,64","0,75","0,33","0,88","0,75","0,75","0,73","0,75","0,33","0,88","0,81","0,75","0,77","0,75","0,5","0,88","0,81","0,75","0,77","0,75","0,5","0,88","0,78","0,75","0,77","0,75","0,42","0,88","0,8","0,75","0,77","0,75","0,42","0,88","0,78","0,75","0,77","0,83","0,42","0,88","0,82","0,75","0,77","0,83","0,42","0,88","0,79","0,75","0,77","0,83","0,42","0,88","0,81","0,75","0,77","0,83","0,5","0,83","0,77","0,75","0,73","0,83","0,5","0,83","0,77","0,75","0,73","0,83","0,5","0,83","0,82","0,75","0,55","0,83","0,5"
"31","Cuba","CUB","0,17","0,83","0,5","0,5","0,5","0,42","0,17","0,84","0,5","0,55","0,5","0,42","0,13","0,82","0,5","0,45","0,5","0,42","0,13","0,82","0,5","0,32","0,5","0,42","0,13","0,81","0,5","0,23","0,5","0,42","0,13","0,82","0,5","0,23","0,5","0,5","0,13","0,83","0,5","0,18","0,5","0,5","0,13","0,83","0,5","0,23","0,5","0,42","0,17","0,82","0,5","0,23","0,5","0,42","0,17","0,83","0,5","0,23","0,67","0,42","0,17","0,84","0,5","0,23","0,67","0,42","0,17","0,85","0,5","0,23","0,67","0,42","0,17","0,83","0,5","0,23","0,67","0,42","0,25","0,82","0,5","0,23","0,67","0,42","0,25","0,85","0,5","0,36","0,67","0,42","0,25","0,84","0,5","0,45","0,67","0,33"
"32","Cyprus","CYP","0,92","0,64","1","0,86","0,83","0,67","0,92","0,64","1","0,86","0,83","0,67","0,92","0,63","1","0,86","0,83","0,67","0,92","0,59","1","0,45","0,83","0,67","0,92","0,63","1","0,59","0,83","0,67","0,92","0,64","1","0,68","0,83","0,67","0,92","0,72","1","0,95","0,83","0,67","0,92","0,72","1","0,95","0,83","0,67","0,92","0,71","1","0,95","0,83","0,67","0,92","0,7","1","1","0,83","0,67","0,92","0,72","1","1","0,83","0,67","0,92","0,71","1","1","0,83","0,67","0,92","0,71","1","1","0,83","0,67","0,92","0,72","1","1","0,83","0,67","0,92","0,58","1","1","0,83","0,67","0,92","0,63","1","0,64","0,83","0,67"
"33","Czech Republic","CZE","0,96","0,75","0,75","0,68","0,83","0,5","0,96","0,75","0,75","0,64","0,83","0,5","0,96","0,76","0,75","0,64","0,83","0,5","0,96","0,73","0,75","0,64","0,83","0,42","0,96","0,71","0,75","0,64","0,83","0,42","0,96","0,72","0,75","0,82","0,83","0,42","0,96","0,71","0,75","0,95","0,83","0,42","0,96","0,71","0,75","0,95","0,83","0,42","0,96","0,71","0,75","0,95","0,83","0,42","0,96","0,75","0,75","0,95","0,83","0,42","0,96","0,72","0,75","0,95","0,83","0,42","0,96","0,77","0,75","0,95","0,83","0,42","0,96","0,67","0,75","1","0,83","0,42","0,92","0,69","0,75","1","0,83","0,42","0,92","0,73","0,75","1","0,83","0,42","0,92","0,67","0,75","0,64","0,83","0,67"
"34","Denmark","DNK","1","0,64","1","0,59","1","0,92","1","0,63","1","0,73","1","0,92","1","0,63","1","0,59","1","0,92","1","0,63","1","0,59","1","0,92","1","0,63","1","0,68","1","0,92","1","0,68","1","0,82","1","0,92","1","0,69","1","0,91","1","0,92","1","0,69","1","0,91","1","0,92","1","0,68","1","0,91","1","0,92","1","0,68","1","0,95","1","0,92","1","0,67","1","0,95","1","0,92","1","0,75","1","0,95","1","0,92","1","0,7","1","0,95","1","0,92","1","0,73","1","0,95","1","0,92","1","0,83","1","0,95","1","0,92","1","0,95","1","0,82","1","1"
"35","Dominican Republic","DOM","0,67","0,84","0,25","0,77","0,42","0,33","0,67","0,82","0,25","0,77","0,33","0,33","0,67","0,83","0,25","0,73","0,42","0,33","0,67","0,8","0,25","0,73","0,42","0,25","0,67","0,8","0,25","0,64","0,42","0,25","0,67","0,78","0,25","0,77","0,42","0,33","0,67","0,81","0,25","0,77","0,42","0,33","0,67","0,81","0,25","0,77","0,42","0,33","0,67","0,82","0,25","0,77","0,42","0,33","0,67","0,81","0,25","0,77","0,42","0,33","0,67","0,82","0,25","0,77","0,42","0,33","0,67","0,78","0,25","0,77","0,33","0,33","0,67","0,76","0,25","0,64","0,33","0,33","0,67","0,67","0,25","0,64","0,33","0,33","0,67","0,79","0,25","0,68","0,33","0,33","0,67","0,78","0,25","0,91","0,67","0,67"
"36","Ecuador","ECU","0,38","0,61","0,5","0,5","0,42","0,33","0,38","0,61","0,5","0,45","0,42","0,33","0,38","0,68","0,5","0,55","0,42","0,33","0,42","0,67","0,5","0,45","0,42","0,42","0,42","0,63","0,5","0,41","0,42","0,42","0,42","0,61","0,5","0,23","0,42","0,42","0,42","0,63","0,5","0,18","0,42","0,42","0,42","0,63","0,5","0,23","0,42","0,5","0,46","0,61","0,5","0,23","0,42","0,5","0,5","0,65","0,5","0,27","0,42","0,5","0,46","0,61","0,5","0,27","0,42","0,5","0,46","0,65","0,5","0,41","0,42","0,5","0,46","0,66","0,5","0,41","0,5","0,5","0,46","0,61","0,5","0,45","0,5","0,5","0,5","0,65","0,5","0,45","0,5","0,5","0,5","0,67","0,5","0,36","0,5","0,5"
"37","Egypt, Arab Rep.","EGY","0,25","0,66","0,5","0,59","0,5","0,33","0,25","0,66","0,5","0,55","0,5","0,33","0,25","0,65","0,5","0,5","0,5","0,33","0,25","0,59","0,5","0,45","0,5","0,33","0,21","0,63","0,5","0,45","0,5","0,33","0,25","0,64","0,5","0,45","0,5","0,33","0,33","0,72","0,5","0,5","0,58","0,33","0,42","0,75","0,5","0,5","0,58","0,33","0,42","0,77","0,5","0,5","0,58","0,33","0,42","0,79","0,5","0,5","0,58","0,33","0,42","0,84","0,5","0,5","0,67","0,33","0,46","0,84","0,5","0,5","0,67","0,25","0,42","0,86","0,5","0,5","0,67","0,25","0,42","0,89","0,5","0,5","0,67","0,25","0,42","0,86","0,5","0,5","0,67","0,25","0,42","0,8","0,5","0,82","0,67","0,33"
"38","El Salvador","SLV","0,63","0,77","0,5","0,5","0,25","0,33","0,63","0,76","0,5","0,59","0,25","0,42","0,63","0,78","0,5","0,64","0,25","0,42","0,63","0,83","0,5","0,64","0,33","0,33","0,63","0,83","0,5","0,64","0,33","0,33","0,63","0,86","0,5","0,64","0,33","0,42","0,63","0,86","0,5","0,64","0,25","0,42","0,63","0,84","0,5","0,64","0,25","0,42","0,63","0,83","0,5","0,64","0,25","0,42","0,67","0,82","0,5","0,64","0,25","0,42","0,67","0,82","0,5","0,64","0,33","0,42","0,67","0,8","0,5","0,64","0,42","0,42","0,67","0,81","0,5","0,68","0,5","0,42","0,58","0,83","0,5","0,45","0,42","0,42","0,58","0,84","0,5","0,45","0,42","0,42","0,58","0,86","0,5","0,73","0,5","0,67"
"39","Estonia","EST","0,88","0,71","0,63","0,77","0,67","0,67","0,88","0,72","0,63","0,77","0,67","0,67","0,88","0,68","0,63","0,77","0,67","0,67","0,88","0,65","0,63","0,77","0,67","0,58","0,88","0,66","0,63","0,77","0,67","0,58","0,88","0,7","0,63","0,77","0,67","0,5","0,88","0,68","0,63","0,86","0,67","0,5","0,88","0,7","0,63","0,86","0,67","0,5","0,88","0,71","0,63","0,86","0,67","0,5","0,88","0,75","0,63","0,86","0,67","0,5","0,83","0,74","0,63","0,86","0,67","0,5","0,83","0,75","0,63","0,82","0,67","0,5","0,83","0,73","0,63","0,82","0,67","0,5","0,83","0,74","0,63","0,82","0,67","0,5","0,83","0,73","0,63","0,82","0,67","0,5","0,83","0,76","0,75","0,73","0,67","0,83"
"40","Ethiopia","ETH","0,29","0,52","0,38","0,55","0,75","0,33","0,29","0,55","0,38","0,59","0,75","0,33","0,29","0,51","0,38","0,5","0,75","0,33","0,29","0,5","0,38","0,5","0,75","0,33","0,29","0,49","0,38","0,5","0,75","0,25","0,29","0,52","0,38","0,5","0,75","0,33","0,33","0,55","0,38","0,5","0,75","0,33","0,38","0,52","0,38","0,45","0,75","0,33","0,38","0,55","0,38","0,55","0,75","0,33","0,46","0,51","0,38","0,55","0,75","0,33","0,46","0,51","0,25","0,55","0,83","0,33","0,42","0,5","0,25","0,55","0,83","0,33","0,42","0,57","0,25","0,55","0,83","0,33","0,42","0,58","0,25","0,55","0,83","0,33","0,42","0,55","0,25","0,55","0,83","0,33","0,42","0,72","0,25","0,82","0,83","0,33"
"41","Finland","FIN","1","0,82","1","0,86","1","0,92","1","0,82","1","0,86","1","0,92","1","0,82","1","0,86","1","0,92","1","0,84","1","0,86","1","0,92","1","0,86","1","0,86","1","0,92","1","0,88","1","0,82","1","1","1","0,89","1","1","1","1","1","0,9","1","1","1","1","1","0,89","1","1","1","1","1","0,92","1","1","1","1","1","0,91","1","1","1","1","1","0,91","1","1","1","1","1","0,91","1","1","1","1","1","0,91","1","1","1","1","1","0,92","1","1","1","1","1","0,95","1","0,64","1","1"
"42","France","FRA","0,92","0,56","0,75","0,73","0,83","0,75","0,96","0,6","0,75","0,73","0,83","0,75","0,96","0,57","0,75","0,59","0,83","0,75","0,96","0,57","0,75","0,59","0,83","0,67","0,96","0,63","0,75","0,59","0,83","0,75","0,96","0,62","0,75","0,64","0,83","0,75","0,96","0,67","0,75","0,91","0,83","0,75","0,96","0,71","0,75","0,91","0,83","0,83","0,96","0,68","0,75","0,91","0,83","0,83","0,96","0,68","0,75","1","0,83","0,83","0,96","0,64","0,75","1","0,83","0,58","0,96","0,66","0,75","1","0,83","0,58","0,92","0,69","0,75","1","0,83","0,5","0,83","0,74","0,75","1","0,75","0,5","0,83","0,8","0,75","1","0,75","0,5","0,83","0,73","1","0,73","0,83","0,5"
"43","Gabon","GAB","0,33","0,66","0,38","0,59","0,5","0,33","0,33","0,66","0,38","0,59","0,5","0,33","0,33","0,69","0,38","0,59","0,5","0,33","0,33","0,72","0,38","0,55","0,5","0,33","0,33","0,74","0,38","0,59","0,5","0,33","0,33","0,7","0,38","0,59","0,5","0,33","0,38","0,72","0,38","0,68","0,5","0,42","0,38","0,73","0,38","0,64","0,5","0,33","0,42","0,74","0,25","0,64","0,5","0,33","0,42","0,73","0,25","0,73","0,5","0,17","0,42","0,74","0,25","0,73","0,5","0,17","0,42","0,82","0,25","0,73","0,5","0,17","0,42","0,76","0,25","0,64","0,5","0,17","0,38","0,73","0,5","0,59","0,5","0,17","0,42","0,74","0,5","0,64","0,5","0,17","0,42","0,76","0,5","0,73","0,5","0,17"
"44","Gambia, The","GMB","0,38","0,72","0,5","0,59","0,58","0,33","0,33","0,74","0,5","0,59","0,58","0,33","0,33","0,74","0,5","0,59","0,58","0,33","0,33","0,74","0,5","0,64","0,58","0,33","0,33","0,79","0,5","0,64","0,58","0,33","0,33","0,78","0,5","0,64","0,58","0,42","0,33","0,78","0,5","0,64","0,58","0,42","0,33","0,83","0,5","0,68","0,58","0,42","0,33","0,84","0,5","0,68","0,58","0,42","0,33","0,84","0,5","0,68","0,67","0,42","0,33","0,87","0,5","0,68","0,67","0,33","0,33","0,88","0,5","0,68","0,67","0,42","0,5","0,87","0,5","0,68","0,67","0,42","0,54","0,88","0,5","0,68","0,67","0,5","0,54","0,81","0,5","0,68","0,67","0,5","0,42","0,8","0,5","0,73","0,83","0,5"
"45","Germany","DEU","1","0,72","1","0,91","0,83","0,83","1","0,73","1","0,91","0,83","0,83","1","0,77","1","0,91","0,83","0,83","1","0,78","1","0,91","0,83","0,83","1","0,77","1","0,91","0,83","0,83","1","0,69","1","0,86","0,83","0,83","1","0,7","1","0,95","0,83","0,83","1","0,81","1","0,95","0,83","0,83","1","0,81","1","0,95","0,83","0,83","1","0,81","1","1","0,83","0,83","1","0,79","1","1","0,83","0,83","1","0,8","1","1","0,83","0,83","0,96","0,72","1","1","0,83","0,75","0,92","0,72","1","1","0,83","0,75","0,92","0,81","1","1","0,83","0,67","0,92","0,91","1","0,82","0,83","0,67"
"46","Ghana","GHA","0,67","0,7","0,63","0,64","0,42","0,5","0,67","0,68","0,63","0,68","0,42","0,5","0,67","0,67","0,63","0,59","0,42","0,5","0,67","0,71","0,63","0,59","0,42","0,42","0,67","0,73","0,63","0,59","0,42","0,42","0,67","0,74","0,63","0,59","0,42","0,42","0,67","0,69","0,63","0,55","0,42","0,42","0,67","0,74","0,63","0,64","0,42","0,25","0,67","0,74","0,63","0,68","0,42","0,25","0,67","0,75","0,63","0,68","0,42","0,25","0,67","0,77","0,63","0,68","0,42","0,25","0,67","0,77","0,5","0,68","0,42","0,25","0,58","0,68","0,5","0,59","0,33","0,42","0,46","0,68","0,5","0,55","0,33","0,42","0,46","0,69","0,5","0,55","0,33","0,42","0,42","0,67","0,5","0,73","0,33","0,33"
"47","Greece","GRC","0,92","0,72","0,75","0,68","0,75","0,42","0,92","0,75","0,75","0,73","0,75","0,42","0,92","0,7","0,75","0,55","0,75","0,42","0,92","0,66","0,75","0,55","0,75","0,33","0,92","0,69","0,75","0,45","0,75","0,33","0,92","0,73","0,75","0,59","0,75","0,33","0,92","0,72","0,75","0,55","0,75","0,33","0,92","0,71","0,75","0,86","0,75","0,33","0,92","0,72","0,75","0,86","0,75","0,33","0,92","0,78","0,75","0,86","0,75","0,33","0,92","0,79","0,75","0,86","0,75","0,33","0,92","0,8","0,75","0,86","0,75","0,33","0,88","0,82","0,75","0,82","0,75","0,42","0,88","0,81","0,75","0,91","0,5","0,42","0,88","0,82","0,75","0,91","0,5","0,42","0,92","0,84","0,75","0,82","0,5","0,83"
"48","Guatemala","GTM","0,63","0,63","0,5","0,77","0,42","0,33","0,63","0,65","0,5","0,77","0,5","0,33","0,63","0,58","0,5","0,77","0,42","0,33","0,63","0,6","0,5","0,77","0,42","0,33","0,63","0,65","0,5","0,77","0,33","0,33","0,63","0,65","0,5","0,77","0,25","0,33","0,58","0,63","0,5","0,77","0,25","0,33","0,58","0,61","0,5","0,77","0,25","0,33","0,58","0,65","0,5","0,77","0,17","0,33","0,67","0,66","0,5","0,77","0,25","0,25","0,83","0,65","0,5","0,82","0,25","0,25","0,83","0,64","0,5","0,82","0,42","0,25","0,83","0,67","0,5","0,82","0,25","0,25","0,46","0,65","0,5","0,91","0,25","0,25","0,5","0,68","0,5","0,91","0,25","0,25","0,5","0,74","0,5","0,64","0,33","0,67"
"49","Guinea","GIN","0,25","0,56","0,5","0,55","0,42","0,25","0,21","0,57","0,5","0,55","0,42","0,25","0,21","0,52","0,5","0,36","0,42","0,25","0,21","0,5","0,5","0,36","0,42","0,25","0,21","0,52","0,5","0,36","0,42","0,25","0,25","0,56","0,5","0,36","0,42","0,25","0,21","0,54","0,5","0,27","0,42","0,25","0,17","0,52","0,5","0,27","0,42","0,33","0,21","0,53","0,5","0,27","0,42","0,33","0,21","0,5","0,5","0,32","0,42","0,33","0,21","0,55","0,5","0,36","0,42","0,42","0,29","0,56","0,5","0,36","0,42","0,42","0,29","0,61","0,5","0,41","0,42","0,42","0,29","0,62","0,5","0,41","0,42","0,5","0,33","0,57","0,5","0,5","0,42","0,5","0,33","0,49","0,5","0,64","0,5","0,5"
"50","Guinea-Bissau","GNB","0,5","0,58","0,38","0,41","0,42","0,17","0,5","0,57","0,38","0,41","0,42","0,17","0,46","0,63","0,38","0,41","0,42","0,17","0,42","0,57","0,38","0,41","0,42","0,25","0,38","0,57","0,38","0,41","0,42","0,25","0,46","0,58","0,38","0,55","0,42","0,33","0,46","0,59","0,38","0,55","0,42","0,33","0,5","0,66","0,38","0,55","0,42","0,33","0,5","0,67","0,38","0,59","0,42","0,33","0,54","0,64","0,38","0,59","0,5","0,33","0,54","0,63","0,38","0,59","0,5","0,33","0,54","0,65","0,25","0,59","0,5","0,33","0,46","0,65","0,25","0,64","0,5","0,33","0,33","0,68","0,25","0,55","0,17","0,33","0,25","0,55","0,25","0,55","0,17","0,33","0,25","0,69","0,25","0,36","0,17","0,33"
"51","Guyana","GUY","0,75","0,62","0,75","0,59","0,25","0,42","0,75","0,61","0,75","0,5","0,25","0,25","0,75","0,56","0,75","0,5","0,25","0,25","0,75","0,58","0,75","0,5","0,25","0,25","0,75","0,57","0,75","0,5","0,25","0,25","0,75","0,61","0,75","0,5","0,25","0,33","0,75","0,61","0,75","0,5","0,25","0,33","0,75","0,61","0,75","0,5","0,25","0,33","0,75","0,61","0,75","0,5","0,25","0,33","0,75","0,61","0,75","0,5","0,33","0,33","0,75","0,61","0,75","0,5","0,33","0,42","0,75","0,65","0,75","0,5","0,42","0,5","0,75","0,64","0,75","0,5","0,42","0,5","0,92","0,65","0,75","0,55","0,33","0,5","0,92","0,63","0,75","0,59","0,25","0,5","0,92","0,65","0,75","0,64","0,67","0,5"
"52","Haiti","HTI","0,29","0,67","0","0,27","0,25","0,17","0,29","0,65","0","0,27","0,25","0,17","0,29","0,69","0","0,27","0,25","0,17","0,25","0,7","0","0,27","0,25","0,17","0,29","0,72","0","0,27","0,25","0,17","0,21","0,73","0","0,27","0,25","0,17","0,21","0,62","0","0,27","0,25","0,17","0,21","0,66","0","0,32","0,25","0,17","0,21","0,64","0","0,32","0,25","0,17","0,21","0,72","0","0,32","0,33","0,17","0","0,64","0","0,32","0,25","0,17","0","0,57","0","0,32","0,33","0,25","0","0,58","0","0,41","0,42","0,42","0,29","0,59","0","0,36","0,33","0,17","0,29","0,62","0","0,36","0,33","0,17","0,42","0,67","0","0,27","0,33","0,33"
"53","Honduras","HND","0,58","0,75","0,5","0,59","0,25","0,42","0,58","0,78","0,5","0,59","0,25","0,42","0,63","0,77","0,5","0,55","0,25","0,33","0,67","0,75","0,5","0,55","0,25","0,25","0,63","0,78","0,5","0,5","0,25","0,25","0,63","0,79","0,5","0,5","0,33","0,33","0,63","0,77","0,5","0,5","0,25","0,33","0,58","0,78","0,5","0,5","0,25","0,33","0,63","0,74","0,5","0,5","0,25","0,33","0,67","0,77","0,5","0,5","0,25","0,33","0,67","0,78","0,5","0,55","0,25","0,33","0,67","0,73","0,5","0,59","0,25","0,33","0,58","0,78","0,5","0,59","0,25","0,33","0,58","0,8","0,5","0,64","0,25","0,42","0,58","0,79","0,5","0,64","0,25","0,42","0,58","0,82","0,5","0,64","0,33","0,33"
"54","Hong Kong SAR, China","HKG","0,63","0,74","0,75","1","0,83","0,67","0,63","0,77","0,75","1","0,83","0,67","0,63","0,79","0,75","1","0,83","0,67","0,63","0,72","0,75","1","0,83","0,67","0,63","0,77","0,75","1","0,83","0,75","0,63","0,81","0,75","1","0,83","0,75","0,63","0,82","0,75","1","0,83","0,75","0,63","0,84","0,75","1","0,83","0,67","0,63","0,86","0,75","1","0,83","0,67","0,63","0,87","0,75","1","0,83","0,67","0,63","0,84","0,75","1","0,83","0,67","0,63","0,84","0,75","1","0,83","0,67","0,63","0,8","0,75","1","0,75","0,67","0,5","0,81","0,75","1","0,75","0,67","0,42","0,9","0,75","0,95","0,75","0,67","0,42","0,82","0,75","0,64","0,83","0,5"
"55","Hungary","HUN","0,96","0,75","0,75","0,77","0,67","0,5","0,96","0,75","0,75","0,86","0,67","0,5","0,96","0,76","0,75","0,68","0,67","0,5","0,96","0,75","0,75","0,59","0,67","0,5","0,96","0,71","0,75","0,59","0,67","0,5","0,96","0,75","0,75","0,59","0,67","0,5","0,96","0,78","0,75","0,68","0,67","0,5","1","0,68","0,75","0,82","0,67","0,5","1","0,69","0,75","0,91","0,67","0,5","1","0,71","0,75","0,91","0,67","0,5","1","0,73","0,75","0,95","0,67","0,5","1","0,76","0,75","0,95","0,67","0,5","1","0,77","0,75","1","0,67","0,5","1","0,83","1","1","0,67","0,5","1","0,83","1","1","0,67","0,5","1","0,74","1","0,73","0,67","0,67"
"56","Iceland","ISL","1","0,76","1","0,77","1","0,83","1","0,81","1","0,77","1","0,83","1","0,79","1","0,77","1","0,83","1","0,81","1","0,73","1","0,83","1","0,79","1","0,73","1","0,83","1","0,8","1","0,73","1","0,92","1","0,77","1","0,59","1","0,92","1","0,82","1","0,59","1","0,92","1","0,77","1","0,36","1","0,92","1","0,89","1","0,82","1","0,92","1","0,87","1","0,82","1","0,92","1","0,9","1","0,91","1","0,92","1","0,9","1","0,91","1","0,75","1","0,9","1","0,91","1","0,75","1","0,93","1","0,91","1","0,83","1","0,95","1","0,64","1","1"
"57","India","IND","0,83","0,58","0,75","0,68","0,75","0,42","0,83","0,56","0,75","0,68","0,75","0,42","0,83","0,58","0,75","0,59","0,67","0,42","0,83","0,52","0,75","0,59","0,67","0,42","0,83","0,54","0,75","0,59","0,67","0,42","0,83","0,52","0,75","0,68","0,67","0,33","0,83","0,55","0,75","0,68","0,67","0,42","0,83","0,62","0,75","0,68","0,67","0,42","0,83","0,57","0,75","0,68","0,67","0,42","0,83","0,56","0,75","0,68","0,67","0,42","0,83","0,6","0,75","0,68","0,67","0,42","0,83","0,6","0,75","0,77","0,67","0,42","0,83","0,64","0,75","0,73","0,67","0,42","0,83","0,61","0,75","0,68","0,67","0,25","0,83","0,56","0,75","0,64","0,67","0,25","0,75","0,49","0,75","0,36","0,67","0,5"
"58","Indonesia","IDN","0,54","0,62","0,5","0,73","0,42","0,5","0,54","0,56","0,5","0,5","0,42","0,5","0,54","0,59","0,5","0,68","0,5","0,5","0,63","0,57","0,5","0,68","0,5","0,5","0,63","0,55","0,5","0,55","0,5","0,5","0,63","0,61","0,5","0,64","0,5","0,5","0,63","0,62","0,5","0,64","0,5","0,5","0,63","0,64","0,5","0,73","0,5","0,5","0,63","0,62","0,5","0,73","0,5","0,67","0,63","0,63","0,5","0,73","0,5","0,58","0,63","0,63","0,5","0,73","0,5","0,42","0,63","0,61","0,5","0,73","0,5","0,17","0,63","0,61","0,5","0,5","0,5","0,17","0,58","0,63","0,5","0,45","0,33","0,17","0,54","0,64","0,5","0,32","0,33","0,17","0,5","0,49","0,75","0,36","0,33","0,17"
"59","Iran, Islamic Rep.","IRN","0,63","0,65","0,5","0,59","0,67","0,25","0,63","0,65","0,5","0,59","0,67","0,25","0,63","0,58","0,5","0,41","0,67","0,25","0,63","0,55","0,5","0,32","0,67","0,25","0,58","0,5","0,5","0,32","0,67","0,25","0,63","0,5","0,5","0,32","0,67","0,25","0,75","0,52","0,5","0,32","0,67","0,25","0,75","0,55","0,5","0,36","0,67","0,33","0,79","0,55","0,5","0,45","0,67","0,33","0,79","0,6","0,5","0,5","0,67","0,33","0,79","0,67","0,5","0,5","0,67","0,33","0,79","0,67","0,5","0,5","0,67","0,33","0,67","0,66","0,5","0,45","0,67","0,33","0,67","0,66","0,5","0,45","0,67","0,33","0,67","0,66","0,5","0,45","0,67","0,33","0,67","0,71","0,5","0,36","0,83","0,67"
"60","Iraq","IRQ","0,33","0,49","0,38","0,59","0,25","0,17","0,33","0,5","0,38","0,5","0,25","0,17","0,33","0,5","0,38","0,5","0,25","0,17","0,33","0,49","0,38","0,59","0,25","0,17","0,38","0,49","0,38","0,59","0,25","0,17","0,38","0,55","0,38","0,68","0,25","0,25","0,38","0,54","0,38","0,64","0,25","0,25","0,33","0,52","0,38","0,59","0,25","0,25","0,33","0,46","0,38","0,59","0,25","0,17","0,33","0,35","0","0,59","0,25","0,17","0,33","0,4","0","0,59","0,25","0,17","0,33","0,41","0","0,59","0,25","0,17","0,04","0,41","0","0,55","0,25","0,17","0,04","0,49","0","0,64","0,25","0,67","0","0,41","0","0,18","0,33","0,17","0","0,47","0","0,27","0,33","0,17"
"61","Ireland","IRL","1","0,79","1","1","1","0,75","1","0,8","1","1","1","0,75","1","0,79","1","0,86","1","0,75","1","0,76","1","0,68","1","0,67","1","0,74","1","0,59","1","0,67","1","0,77","1","0,59","1","0,58","1","0,72","1","0,77","1","0,58","1","0,76","1","0,86","1","0,58","1","0,89","1","0,95","1","0,58","1","0,89","1","1","1","0,58","1","0,87","1","1","1","0,58","1","0,87","1","1","1","0,67","1","0,87","1","1","1","0,42","1","0,91","1","1","1","0,58","1","0,93","1","1","1","0,58","1","0,93","1","0,55","1","0,33"
"62","Israel","ISR","0,71","0,56","1","0,82","0,83","0,58","0,71","0,54","1","0,82","0,83","0,58","0,71","0,5","1","0,82","0,83","0,58","0,71","0,53","1","0,82","0,83","0,58","0,71","0,54","1","0,82","0,83","0,58","0,71","0,53","1","0,82","0,83","0,58","0,71","0,49","1","0,82","0,83","0,58","0,71","0,49","1","0,82","0,83","0,5","0,71","0,46","1","0,82","0,83","0,5","0,71","0,49","1","0,82","0,83","0,5","0,71","0,48","1","0,82","0,83","0,5","0,71","0,52","1","0,82","0,83","0,5","0,71","0,47","1","0,82","0,83","0,5","0,71","0,57","1","0,82","0,83","0,67","0,71","0,46","1","0,73","0,83","0,5","0,83","0,38","1","0,55","0,83","0,5"
"63","Italy","ITA","0,96","0,72","0,63","0,77","0,67","0,42","0,96","0,76","0,63","0,82","0,67","0,42","0,96","0,73","0,63","0,73","0,67","0,42","0,96","0,71","0,63","0,59","0,67","0,42","0,96","0,73","0,63","0,59","0,67","0,42","0,96","0,72","0,63","0,59","0,67","0,42","0,96","0,71","0,63","0,91","0,67","0,42","0,96","0,78","0,63","0,95","0,67","0,42","0,96","0,8","0,63","0,95","0,67","0,42","0,96","0,77","0,63","0,95","0,67","0,42","0,96","0,72","0,63","1","0,67","0,42","0,96","0,72","0,63","1","0,67","0,42","0,96","0,73","0,63","1","0,67","0,33","0,83","0,8","0,63","1","0,5","0,42","0,83","0,88","0,63","1","0,58","0,42","0,83","0,84","0,75","0,73","1","0,5"
"64","Jamaica","JAM","0,83","0,82","0,75","0,73","0,33","0,42","0,83","0,8","0,75","0,73","0,42","0,42","0,83","0,79","0,75","0,73","0,42","0,33","0,83","0,79","0,75","0,55","0,42","0,33","0,83","0,8","0,75","0,5","0,33","0,33","0,83","0,77","0,75","0,77","0,33","0,33","0,83","0,79","0,75","0,77","0,33","0,33","0,83","0,8","0,75","0,77","0,33","0,25","0,83","0,8","0,75","0,77","0,33","0,25","0,83","0,83","0,75","0,77","0,42","0,25","0,83","0,79","0,75","0,77","0,33","0,25","0,83","0,83","0,75","0,77","0,42","0,25","0,83","0,8","0,75","0,73","0,42","0,25","0,83","0,8","0,75","0,77","0,17","0,25","0,92","0,81","0,75","0,77","0,17","0,25","0,92","0,82","0,75","0,73","0,33","0,33"
"65","Japan","JPN","0,83","0,81","1","0,95","0,83","0,75","0,83","0,8","1","0,95","0,83","0,75","0,83","0,75","1","0,95","0,83","0,75","0,83","0,77","1","0,95","0,83","0,75","0,83","0,72","1","0,91","0,83","0,75","0,83","0,76","1","0,95","0,83","0,75","0,83","0,71","1","0,95","0,83","0,75","0,83","0,82","1","0,95","0,83","0,5","0,83","0,73","1","0,95","0,83","0,5","0,83","0,76","1","0,95","0,83","0,5","0,83","0,81","1","0,95","0,83","0,58","0,83","0,83","1","0,95","0,83","0,58","0,83","0,83","1","0,95","0,83","0,58","0,92","0,88","1","0,95","0,83","0,58","0,92","0,91","1","1","0,83","0,58","0,92","0,89","1","0,64","0,83","0,5"
"66","Jordan","JOR","0,63","0,61","0,5","0,64","0,67","0,5","0,63","0,62","0,5","0,73","0,67","0,5","0,63","0,62","0,5","0,73","0,67","0,5","0,63","0,69","0,5","0,73","0,67","0,42","0,63","0,66","0,5","0,68","0,67","0,42","0,63","0,67","0,5","0,82","0,67","0,5","0,67","0,76","0,5","0,82","0,67","0,5","0,67","0,8","0,5","0,82","0,67","0,5","0,67","0,82","0,5","0,82","0,67","0,5","0,67","0,85","0,5","0,82","0,67","0,5","0,79","0,86","0,5","0,82","0,67","0,5","0,79","0,83","0,5","0,82","0,67","0,5","0,79","0,83","0,5","0,77","0,67","0,5","0,79","0,8","0,5","0,77","0,67","0,5","0,75","0,79","0,5","0,77","0,67","0,5","0,75","0,78","0,5","0,82","0,67","0,5"
"67","Kazakhstan","KAZ","0,54","0,71","0,5","0,5","0,58","0,25","0,54","0,72","0,5","0,5","0,58","0,25","0,54","0,77","0,5","0,64","0,58","0,25","0,54","0,79","0,5","0,59","0,58","0,25","0,54","0,81","0,5","0,59","0,58","0,25","0,54","0,81","0,5","0,59","0,58","0,25","0,58","0,87","0,5","0,59","0,67","0,25","0,58","0,88","0,5","0,64","0,67","0,25","0,58","0,88","0,5","0,82","0,67","0,25","0,58","0,88","0,5","0,68","0,67","0,25","0,58","0,88","0,5","0,68","0,67","0,25","0,58","0,88","0,5","0,68","0,67","0,25","0,5","0,88","0,5","0,59","0,67","0,25","0,5","0,89","0,5","0,59","0,67","0,25","0,5","0,88","0,5","0,59","0,67","0,25","0,5","0,87","0,5","0,91","0,67","0,33"
"68","Kenya","KEN","0,75","0,63","0,5","0,64","0,33","0,33","0,75","0,59","0,5","0,64","0,33","0,25","0,75","0,62","0,5","0,59","0,33","0,25","0,75","0,59","0,5","0,59","0,33","0,25","0,79","0,55","0,5","0,55","0,33","0,25","0,79","0,56","0,5","0,55","0,33","0,33","0,79","0,59","0,5","0,77","0,33","0,33","0,75","0,56","0,5","0,77","0,33","0,08","0,75","0,64","0,5","0,77","0,33","0,08","0,79","0,58","0,5","0,77","0,33","0,08","0,79","0,58","0,5","0,77","0,42","0,08","0,79","0,58","0,5","0,77","0,42","0,08","0,71","0,65","0,5","0,77","0,33","0,25","0,71","0,68","0,5","0,77","0,33","0,58","0,5","0,51","0,5","0,73","0,25","0,33","0,5","0,63","0,5","0,55","0,33","0,33"
"69","Korea, Dem. Rep.","PRK","0,08","0,73","0","0,32","0,75","0,17","0,08","0,73","0","0,32","0,75","0,17","0,08","0,73","0","0,32","0,75","0,17","0,08","0,72","0","0,27","0,83","0,17","0,08","0,69","0","0,27","0,83","0,17","0,08","0,69","0","0,27","0,83","0,17","0,08","0,69","0","0,27","0,83","0,17","0,08","0,72","0","0,27","0,83","0,17","0,08","0,77","0","0,45","0,83","0,17","0,08","0,78","0","0,45","0,83","0,17","0,08","0,77","0","0,45","0,83","0,17","0,08","0,78","0","0,41","0,83","0,17","0,08","0,77","0","0,41","0,83","0,17","0,08","0,74","0","0,41","0,83","0,17","0,13","0,78","0","0,41","0,83","0,17","0,08","0,89","0","0,55","0,83","0,33"
"70","Korea, Rep.","KOR","0,79","0,73","0,75","0,82","0,83","0,5","0,79","0,74","0,75","0,82","0,83","0,5","0,79","0,75","0,75","0,82","0,83","0,5","0,79","0,78","0,75","0,82","0,83","0,5","0,79","0,75","0,75","0,82","0,83","0,5","0,79","0,72","0,75","0,82","0,83","0,5","0,83","0,77","0,75","0,82","0,83","0,5","0,83","0,77","0,75","0,82","0,83","0,5","0,83","0,76","0,75","0,82","0,83","0,5","0,83","0,76","0,75","0,82","0,83","0,42","0,83","0,68","0,75","0,82","0,83","0,42","0,83","0,74","0,75","0,82","0,83","0,42","0,83","0,77","0,75","0,86","0,83","0,42","0,92","0,75","0,75","0,77","0,83","0,5","0,92","0,76","0,75","0,73","0,67","0,33","0,92","0,84","0,75","0,64","0,67","0,5"
"71","Kuwait","KWT","0,67","0,65","0,5","0,73","0,67","0,5","0,67","0,66","0,5","0,73","0,67","0,5","0,67","0,7","0,5","0,73","0,67","0,5","0,67","0,69","0,5","0,68","0,83","0,42","0,67","0,67","0,5","0,68","0,83","0,42","0,67","0,66","0,5","0,77","0,83","0,5","0,67","0,74","0,5","0,86","0,83","0,5","0,67","0,73","0,5","0,86","0,83","0,5","0,67","0,81","0,5","0,95","0,83","0,5","0,67","0,82","0,5","0,95","0,83","0,5","0,67","0,82","0,5","0,95","0,83","0,5","0,67","0,82","0,5","0,95","0,83","0,42","0,67","0,86","0,5","0,95","0,83","0,33","0,67","0,87","0,5","0,91","0,83","0,33","0,67","0,72","0,5","0,91","0,83","0,33","0,67","0,84","0,5","0,36","0,83","0,33"
"72","Latvia","LVA","0,83","0,67","0,63","0,82","0,83","0,5","0,83","0,68","0,63","0,82","0,83","0,5","0,83","0,68","0,63","0,82","0,83","0,5","0,83","0,64","0,63","0,73","0,83","0,42","0,83","0,64","0,63","0,73","0,83","0,42","0,83","0,65","0,63","0,68","0,83","0,33","0,83","0,72","0,63","0,77","0,83","0,33","0,83","0,68","0,63","0,77","0,83","0,33","0,83","0,72","0,63","0,82","0,83","0,33","0,83","0,67","0,63","0,91","0,83","0,33","0,83","0,76","0,63","0,91","0,83","0,33","0,83","0,8","0,63","0,91","0,83","0,33","0,83","0,73","0,63","0,91","0,83","0,33","0,83","0,85","0,63","0,91","0,83","0,33","0,83","0,81","0,63","0,91","0,83","0,33","0,83","0,72","0,5","0,55","0,83","0,5"
"73","Lebanon","LBN","0,54","0,56","0,5","0,68","0,67","0,33","0,58","0,57","0,5","0,64","0,67","0,33","0,58","0,55","0,5","0,55","0,67","0,25","0,58","0,56","0,5","0,55","0,67","0,25","0,58","0,57","0,5","0,55","0,67","0,25","0,58","0,58","0,5","0,59","0,67","0,33","0,58","0,64","0,5","0,68","0,67","0,33","0,58","0,64","0,5","0,68","0,67","0,17","0,58","0,63","0,5","0,68","0,67","0,17","0,58","0,63","0,5","0,68","0,67","0,17","0,58","0,59","0,5","0,68","0,67","0,17","0,58","0,67","0,5","0,68","0,67","0,17","0,58","0,69","0,5","0,77","0,67","0,17","0,58","0,67","0,5","0,73","0,67","0,17","0,58","0,67","0,5","0,73","0,67","0,17","0,67","0,78","0,5","0,55","0,67","0,17"
"74","Liberia","LBR","0,67","0,61","0","0,45","0,33","0,42","0,67","0,6","0","0,45","0,33","0,42","0,67","0,61","0","0,45","0,33","0,42","0,67","0,63","0","0,45","0,33","0,42","0,67","0,61","0","0,45","0,42","0,42","0,67","0,63","0","0,45","0,42","0,42","0,71","0,68","0","0,45","0,42","0,42","0,71","0,69","0","0,45","0,42","0,5","0,71","0,68","0","0,41","0,42","0,42","0,71","0,66","0","0,36","0,42","0,42","0,71","0,66","0","0,36","0,42","0,42","0,71","0,64","0","0,36","0,33","0,33","0,33","0,61","0","0,36","0,33","0,42","0,17","0,55","0","0,36","0,33","0,33","0,33","0,56","0","0,32","0,33","0,33","0,33","0,6","0","0,18","0,33","0,83"
"75","Libya","LBY","0,42","0,62","0,38","0,45","0,67","0,17","0,42","0,63","0,38","0,5","0,67","0,17","0,42","0,61","0,38","0,5","0,67","0,17","0,42","0,61","0,38","0,45","0,67","0,17","0,42","0,67","0,25","0,59","0,67","0,17","0,46","0,75","0,25","0,59","0,67","0,33","0,33","0,88","0,25","0,73","0,67","0,25","0,33","0,88","0,25","0,73","0,67","0,25","0,33","0,89","0,25","0,82","0,67","0,25","0,33","0,88","0,25","0,82","0,67","0,25","0,33","0,88","0,25","0,82","0,67","0,25","0,33","0,87","0,25","0,77","0,67","0,25","0,33","0,83","0,25","0,77","0,67","0,33","0,33","0,74","0,25","0,73","0,67","0,33","0,33","0,74","0,25","0,68","0,67","0,33","0,33","0,63","0,25","0,73","0,67","0,67"
"76","Lithuania","LTU","0,88","0,73","0,63","0,73","0,67","0,58","0,88","0,76","0,63","0,73","0,67","0,58","0,88","0,77","0,63","0,73","0,67","0,58","0,88","0,76","0,63","0,73","0,67","0,42","0,88","0,75","0,63","0,73","0,67","0,42","0,88","0,71","0,63","0,73","0,67","0,33","0,88","0,72","0,63","0,77","0,67","0,33","0,88","0,76","0,63","0,91","0,67","0,33","0,88","0,78","0,63","0,91","0,67","0,33","0,88","0,75","0,63","0,91","0,67","0,33","0,88","0,75","0,63","0,91","0,67","0,33","0,88","0,78","0,63","0,91","0,67","0,42","0,88","0,76","0,63","0,91","0,67","0,42","0,88","0,75","0,63","0,91","0,67","0,42","0,83","0,72","0,63","0,91","0,67","0,42","0,83","0,72","0,5","0,55","0,67","0,5"
"77","Luxembourg","LUX","1","0,79","1","0,91","1","0,83","1","0,81","1","0,91","1","0,83","1","0,83","1","0,91","1","0,83","1","0,8","1","0,91","1","0,83","1","0,84","1","0,91","1","0,83","1","0,88","1","0,91","1","0,83","1","0,88","1","0,91","1","0,83","1","0,88","1","0,91","1","0,83","1","0,9","1","0,91","1","0,83","1","0,9","1","1","1","0,83","1","0,9","1","1","1","0,83","1","0,9","1","1","1","0,83","1","0,9","1","1","1","0,83","0,92","0,92","1","1","1","0,83","0,92","0,92","1","1","1","0,83","0,92","0,94","1","0,82","1","0,83"
"78","Madagascar","MDG","0,42","0,7","0,38","0,59","0,42","0,33","0,42","0,62","0,25","0,55","0,42","0,33","0,42","0,66","0,25","0,55","0,42","0,33","0,42","0,58","0,25","0,5","0,42","0,33","0,42","0,63","0,25","0,55","0,42","0,33","0,46","0,66","0,25","0,5","0,42","0,5","0,46","0,62","0,25","0,5","0,42","0,5","0,46","0,64","0,25","0,5","0,42","0,67","0,5","0,72","0,25","0,59","0,42","0,67","0,5","0,72","0,25","0,59","0,42","0,67","0,5","0,7","0,25","0,64","0,42","0,67","0,5","0,7","0,25","0,64","0,42","0,67","0,5","0,67","0,25","0,64","0,42","0,67","0,5","0,65","0,25","0,64","0,42","0,67","0,5","0,63","0,25","0,64","0,42","0,5","0,67","0,7","0,25","0,55","0,5","0,67"
"79","Malawi","MWI","0,58","0,59","0,63","0,45","0,42","0,33","0,58","0,59","0,63","0,45","0,42","0,33","0,58","0,61","0,63","0,45","0,42","0,33","0,63","0,61","0,63","0,45","0,42","0,33","0,63","0,67","0,63","0,45","0,42","0,33","0,63","0,67","0,63","0,45","0,5","0,33","0,63","0,7","0,63","0,59","0,5","0,33","0,63","0,71","0,63","0,59","0,5","0,25","0,63","0,65","0,63","0,68","0,5","0,25","0,67","0,62","0,5","0,68","0,5","0,25","0,67","0,63","0,5","0,68","0,5","0,33","0,67","0,65","0,5","0,64","0,5","0,33","0,67","0,7","0,5","0,64","0,5","0,33","0,67","0,65","0,5","0,64","0,5","0,33","0,67","0,61","0,5","0,64","0,5","0,33","0,67","0,73","0,5","0,82","0,67","0,5"
"80","Malaysia","MYS","0,75","0,66","0,75","0,64","0,67","0,42","0,75","0,7","0,75","0,64","0,67","0,42","0,75","0,73","0,75","0,77","0,67","0,42","0,75","0,71","0,75","0,77","0,67","0,42","0,75","0,67","0,75","0,77","0,67","0,42","0,75","0,69","0,75","0,77","0,67","0,42","0,79","0,71","0,75","0,77","0,67","0,42","0,79","0,71","0,75","0,77","0,67","0,42","0,79","0,7","0,75","0,77","0,67","0,42","0,79","0,76","0,75","0,77","0,67","0,42","0,79","0,78","0,75","0,73","0,67","0,42","0,79","0,8","0,75","0,73","0,67","0,33","0,79","0,81","0,75","0,73","0,67","0,42","0,58","0,8","0,75","0,73","0,5","0,42","0,58","0,83","0,75","0,68","0,5","0,42","0,58","0,78","0,75","0,64","0,5","0,5"
"81","Mali","MLI","0,46","0,59","0","0,55","0,5","0,33","0,46","0,61","0","0,55","0,5","0,33","0,46","0,59","0","0,55","0,5","0,33","0,46","0,64","0","0,55","0,5","0,25","0,46","0,59","0","0,55","0,5","0,25","0,54","0,7","0","0,55","0,5","0,33","0,54","0,72","0","0,55","0,5","0,33","0,54","0,73","0","0,55","0,5","0,33","0,54","0,72","0","0,55","0,5","0,33","0,54","0,71","0","0,64","0,5","0,33","0,54","0,7","0","0,59","0,5","0,33","0,54","0,73","0","0,59","0,5","0,33","0,54","0,73","0","0,59","0,5","0,33","0,54","0,76","0","0,59","0,5","0,5","0,54","0,75","0","0,59","0,5","0,5","0,67","0,78","0","0,64","0,5","0,33"
"82","Malta","MLT","1","0,82","0,75","0,86","0,83","0,58","1","0,8","0,75","0,86","0,83","0,58","1","0,8","0,75","0,73","0,83","0,58","1","0,81","0,75","0,73","0,83","0,58","1","0,8","0,75","0,73","0,83","0,58","1","0,83","0,75","0,77","0,83","0,58","1","0,88","0,75","0,95","0,83","0,58","1","0,88","0,75","0,95","0,83","0,58","1","0,88","0,75","0,95","0,83","0,58","1","0,86","0,75","0,95","0,83","0,58","1","0,84","0,75","0,95","0,83","0,58","1","0,86","0,75","0,95","0,83","0,58","1","0,92","0,75","0,95","0,83","0,5","1","0,93","0,75","0,95","0,83","0,5","1","0,94","0,75","0,95","0,83","0,5","1","0,95","0,75","0,73","0,83","0,67"
"83","Mexico","MEX","0,58","0,61","0,63","0,55","0,25","0,25","0,58","0,65","0,63","0,59","0,25","0,25","0,63","0,63","0,63","0,68","0,25","0,25","0,79","0,65","0,75","0,82","0,33","0,33","0,79","0,68","0,75","0,77","0,25","0,33","0,83","0,66","0,75","0,77","0,33","0,33","0,88","0,64","0,75","0,77","0,33","0,42","0,88","0,67","0,75","0,77","0,33","0,42","0,88","0,7","0,75","0,77","0,42","0,33","0,88","0,72","0,75","0,86","0,5","0,33","0,88","0,72","0,75","0,86","0,5","0,33","0,88","0,67","0,75","0,86","0,5","0,33","0,88","0,68","0,75","0,95","0,5","0,33","0,75","0,63","0,75","0,95","0,33","0,33","0,75","0,65","0,75","0,95","0,33","0,33","0,75","0,82","0,75","0,73","0,33","0,67"
"84","Moldova","MDA","0,67","0,59","0,25","0,45","0,67","0,33","0,67","0,58","0,25","0,45","0,67","0,33","0,67","0,57","0,25","0,55","0,67","0,33","0,67","0,61","0,25","0,5","0,67","0,33","0,67","0,59","0,25","0,5","0,75","0,33","0,67","0,58","0,25","0,5","0,75","0,33","0,67","0,56","0,25","0,5","0,75","0,33","0,67","0,56","0,25","0,5","0,75","0,25","0,67","0,65","0,25","0,5","0,83","0,25","0,67","0,65","0,25","0,5","0,83","0,25","0,75","0,64","0,25","0,5","0,83","0,25","0,75","0,65","0,25","0,5","0,83","0,25","0,75","0,71","0,25","0,5","0,83","0,25","0,75","0,79","0,5","0,5","0,83","0,25","0,75","0,78","0,5","0,5","0,83","0,25","0,58","0,67","0,5","0,18","0,83","0,33"
"85","Mongolia","MNG","0,75","0,82","0,5","0,5","0,67","0,33","0,75","0,79","0,5","0,5","0,67","0,33","0,75","0,78","0,5","0,45","0,67","0,33","0,75","0,82","0,5","0,45","0,67","0,33","0,75","0,78","0,5","0,5","0,67","0,33","0,75","0,8","0,5","0,5","0,67","0,33","0,75","0,84","0,5","0,5","0,67","0,33","0,75","0,84","0,5","0,55","0,67","0,33","0,75","0,82","0,5","0,55","0,67","0,33","0,75","0,83","0,5","0,64","0,67","0,33","0,75","0,82","0,5","0,64","0,67","0,33","0,75","0,81","0,5","0,64","0,67","0,33","0,75","0,81","0,5","0,64","0,67","0,33","0,75","0,9","0,5","0,64","0,67","0,33","0,75","0,91","0,5","0,64","0,67","0,33","0,75","0,91","0,5","0,55","0,67","0,5"
"86","Morocco","MAR","0,71","0,66","0,5","0,64","0,67","0,5","0,71","0,68","0,5","0,64","0,75","0,42","0,71","0,64","0,5","0,64","0,75","0,42","0,71","0,64","0,5","0,73","0,75","0,33","0,71","0,68","0,5","0,73","0,75","0,33","0,75","0,7","0,5","0,73","0,83","0,5","0,71","0,7","0,5","0,73","0,83","0,5","0,71","0,7","0,5","0,77","0,83","0,5","0,71","0,72","0,5","0,77","0,83","0,5","0,71","0,72","0,5","0,77","0,83","0,5","0,75","0,8","0,5","0,77","0,83","0,5","0,75","0,81","0,5","0,73","0,83","0,42","0,75","0,83","0,5","0,73","0,83","0,5","0,75","0,84","0,5","0,73","0,83","0,5","0,75","0,79","0,5","0,73","1","0,5","0,58","0,78","0,5","0,73","1","0,5"
"87","Mozambique","MOZ","0,67","0,68","0,25","0,45","0,5","0,33","0,67","0,7","0,25","0,55","0,5","0,33","0,67","0,77","0,25","0,68","0,5","0,33","0,67","0,72","0,25","0,64","0,5","0,33","0,67","0,81","0,25","0,64","0,5","0,33","0,67","0,81","0,25","0,64","0,5","0,33","0,67","0,83","0,25","0,68","0,5","0,33","0,71","0,86","0,25","0,73","0,5","0,33","0,71","0,84","0,25","0,73","0,5","0,33","0,71","0,84","0,25","0,73","0,5","0,33","0,71","0,84","0,25","0,73","0,5","0,25","0,71","0,84","0,25","0,68","0,5","0,25","0,5","0,76","0,25","0,68","0,5","0,25","0,42","0,8","0,25","0,68","0,5","0,25","0,42","0,8","0,25","0,68","0,5","0,25","0,42","0,78","0","0,64","0,5","0,33"
"88","Myanmar","MMR","0,46","0,6","0,25","0,64","0,5","0,33","0,33","0,61","0,25","0,55","0,5","0,25","0,33","0,62","0,25","0,41","0,5","0,25","0,33","0,63","0,25","0,45","0,5","0,25","0,33","0,66","0,25","0,45","0,5","0,25","0,25","0,6","0,25","0,18","0,5","0,25","0,08","0,61","0,25","0,14","0,5","0,25","0,08","0,63","0,25","0,14","0,5","0,25","0,08","0,63","0,25","0,14","0,5","0,25","0,08","0,64","0,25","0,14","0,5","0,25","0,08","0,64","0,25","0,14","0,5","0,17","0","0,65","0,25","0,14","0,5","0,17","0","0,65","0,25","0,14","0,5","0,17","0,04","0,64","0,25","0,23","0,5","0,17","0,13","0,65","0,25","0,27","0,5","0,17","0","0,6","0,25","0,27","0,5","0,17"
"89","Namibia","NAM","0,83","0,81","0,5","0,59","0,83","0,5","0,83","0,84","0,5","0,55","0,83","0,5","0,83","0,84","0,5","0,55","0,83","0,5","0,83","0,84","0,5","0,55","0,83","0,5","0,83","0,85","0,5","0,55","0,83","0,5","0,83","0,85","0,5","0,55","0,83","0,5","0,83","0,86","0,5","0,82","0,83","0,5","0,83","0,87","0,5","0,82","0,83","0,42","0,83","0,87","0,5","0,82","0,83","0,42","0,83","0,87","0,5","0,82","0,83","0,25","0,83","0,86","0,5","0,82","0,83","0,25","0,83","0,85","0,5","0,82","0,83","0,25","0,83","0,86","0,5","0,82","0,83","0,25","0,83","0,8","0,5","0,82","1","0,25","0,83","0,79","0,5","0,82","1","0,25","0,83","0,8","0,5","0,73","1","0,5"
"90","Netherlands","NLD","1","0,78","1","0,91","1","0,83","1","0,78","1","0,91","1","0,83","1","0,79","1","0,86","1","0,83","1","0,77","1","0,82","1","0,83","1","0,81","1","0,73","1","0,83","1","0,78","1","0,86","1","0,83","1","0,79","1","0,91","1","0,83","1","0,8","1","0,91","1","0,83","1","0,81","1","0,91","1","0,83","1","0,78","1","1","1","0,83","1","0,73","1","1","1","0,83","1","0,8","1","1","1","0,83","1","0,81","1","1","1","0,83","1","0,84","1","1","1","0,83","1","0,79","1","1","1","0,83","1","0,98","1","1","1","1"
"91","New Zealand","NZL","1","0,71","1","1","0,92","0,92","1","0,76","1","1","0,92","0,92","1","0,76","1","1","0,92","0,92","1","0,76","1","1","0,92","0,92","1","0,76","1","1","0,92","0,92","1","0,77","1","1","0,92","0,92","1","0,77","1","1","0,92","0,92","1","0,77","1","1","0,92","0,92","1","0,76","1","1","0,92","0,92","1","0,71","1","1","0,92","0,92","1","0,73","1","1","0,92","0,92","1","0,75","1","1","0,92","0,92","1","0,79","1","1","1","0,92","1","0,81","1","0,95","1","0,92","1","0,83","1","0,95","1","0,92","1","0,87","1","0,73","1","0,83"
"92","Nicaragua","NIC","0,42","0,78","0,25","0,59","0,58","0,25","0,46","0,78","0,25","0,64","0,58","0,25","0,46","0,79","0,25","0,64","0,58","0,25","0,5","0,8","0,25","0,68","0,58","0,25","0,5","0,77","0,25","0,68","0,58","0,25","0,54","0,75","0,25","0,68","0,58","0,42","0,54","0,72","0,25","0,68","0,58","0,42","0,58","0,71","0,25","0,68","0,67","0,42","0,67","0,72","0,25","0,68","0,67","0,42","0,75","0,78","0,25","0,73","0,67","0,42","0,75","0,74","0,25","0,73","0,67","0,42","0,75","0,74","0,25","0,73","0,67","0,42","0,67","0,75","0,25","0,68","0,67","0,42","0,67","0,67","0,25","0,64","0,67","0,42","0,67","0,73","0,25","0,45","0,67","0,42","0,67","0,8","0,25","0,45","0,67","0,67"
"93","Niger","NER","0,42","0,61","0,38","0,59","0,33","0,25","0,42","0,59","0,38","0,59","0,33","0,25","0,42","0,6","0,38","0,59","0,33","0,25","0,42","0,57","0,38","0,45","0,33","0,25","0,42","0,64","0,38","0,45","0,33","0,25","0,42","0,65","0,38","0,45","0,33","0,25","0,42","0,63","0,38","0,45","0,33","0,25","0,58","0,65","0,38","0,59","0,33","0,25","0,63","0,66","0,38","0,59","0,33","0,25","0,63","0,67","0,25","0,55","0,33","0,25","0,63","0,72","0,25","0,59","0,33","0,17","0,63","0,74","0,25","0,59","0,33","0,17","0,63","0,76","0,25","0,59","0,33","0,17","0,63","0,76","0,25","0,59","0,33","0,17","0,67","0,76","0,25","0,59","0,33","0,17","0,75","0,76","0,25","0,64","0,33","0,17"
"94","Nigeria","NGA","0,54","0,52","0,25","0,45","0,33","0,25","0,54","0,53","0,25","0,45","0,33","0,25","0,46","0,49","0,25","0,45","0,33","0,25","0,46","0,5","0,25","0,5","0,33","0,25","0,46","0,54","0,25","0,5","0,33","0,25","0,46","0,56","0,25","0,5","0,33","0,25","0,46","0,55","0,25","0,5","0,33","0,25","0,46","0,56","0,25","0,5","0,33","0,25","0,46","0,55","0,25","0,5","0,33","0,25","0,46","0,52","0,25","0,45","0,33","0,25","0,46","0,55","0,25","0,45","0,33","0,25","0,5","0,58","0,25","0,55","0,33","0,25","0,42","0,56","0,25","0,32","0,25","0,17","0,42","0,61","0,25","0,32","0,25","0,17","0,46","0,46","0,25","0,23","0,25","0,17","0,5","0,56","0,25","0,36","0,5","0,17"
"95","Norway","NOR","1","0,76","1","0,95","1","0,92","1","0,77","1","0,91","1","0,92","1","0,79","1","0,95","1","0,92","1","0,79","1","0,95","1","0,92","1","0,79","1","0,95","1","0,92","1","0,77","1","0,95","1","0,83","1","0,79","1","0,95","1","0,83","1","0,79","1","0,95","1","0,83","1","0,77","1","0,95","1","0,83","1","0,8","1","0,95","1","0,83","1","0,78","1","0,95","1","0,83","1","0,81","1","0,95","1","0,83","1","0,79","1","0,95","1","0,83","1","0,81","1","0,95","1","0,83","1","0,85","1","0,95","1","0,83","1","0,89","1","0,73","1","0,83"
"96","Oman","OMN","0,58","0,79","0,5","0,82","0,83","0,5","0,58","0,8","0,5","0,91","0,83","0,5","0,58","0,8","0,5","0,91","0,83","0,5","0,58","0,8","0,5","0,91","0,83","0,42","0,58","0,8","0,5","0,91","0,83","0,42","0,58","0,75","0,5","0,77","0,83","0,42","0,5","0,84","0,5","0,95","0,83","0,42","0,5","0,84","0,5","0,95","0,83","0,42","0,5","0,84","0,5","0,95","0,83","0,42","0,5","0,84","0,5","0,95","0,83","0,42","0,5","0,84","0,5","0,95","0,83","0,42","0,5","0,84","0,5","0,95","0,83","0,42","0,5","0,84","0,5","0,95","0,83","0,42","0,5","0,83","0,5","0,95","0,83","0,42","0,5","0,82","0,5","0,95","0,83","0,42","0,5","0,91","0,5","0,64","0,83","0,5"
"97","Pakistan","PAK","0,5","0,47","0,5","0,64","0,5","0,33","0,5","0,44","0,5","0,64","0,5","0,33","0,5","0,46","0,5","0,55","0,5","0,33","0,54","0,47","0,5","0,55","0,58","0,33","0,38","0,43","0,5","0,5","0,58","0,33","0,38","0,41","0,5","0,55","0,58","0,33","0,38","0,42","0,5","0,59","0,58","0,33","0,25","0,44","0,5","0,59","0,5","0,33","0,21","0,46","0,5","0,59","0,5","0,33","0,17","0,41","0,5","0,64","0,5","0,33","0,17","0,5","0,5","0,64","0,5","0,25","0,17","0,52","0,5","0,41","0,5","0,25","0,08","0,67","0,5","0,27","0,5","0,25","0,08","0,73","0,5","0,27","0,5","0,25","0,08","0,7","0,5","0,32","0,5","0,25","0","0,66","0,5","0,18","0,5","0,33"
"98","Panama","PAN","0,92","0,77","0,5","0,73","0,5","0,33","0,92","0,79","0,5","0,77","0,5","0,33","0,92","0,75","0,5","0,77","0,5","0,33","0,92","0,72","0,5","0,77","0,5","0,33","0,88","0,73","0,5","0,77","0,5","0,33","0,92","0,79","0,5","0,82","0,5","0,33","0,92","0,86","0,5","0,82","0,5","0,33","0,92","0,86","0,5","0,82","0,5","0,33","0,92","0,82","0,5","0,82","0,5","0,33","0,92","0,83","0,5","0,82","0,5","0,33","0,92","0,83","0,5","0,82","0,5","0,33","0,92","0,82","0,5","0,82","0,5","0,33","0,92","0,83","0,5","0,82","0,5","0,33","0,92","0,77","0,5","0,82","0,5","0,33","0,92","0,78","0,5","0,77","0,5","0,33","0,92","0,82","0,75","0,82","0,5","0,33"
"99","Papua New Guinea","PNG","0,63","0,59","0,5","0,59","0,5","0,33","0,63","0,56","0,5","0,59","0,5","0,33","0,63","0,57","0,5","0,59","0,5","0,33","0,63","0,67","0,5","0,59","0,42","0,33","0,63","0,66","0,5","0,59","0,42","0,33","0,63","0,61","0,5","0,64","0,42","0,33","0,63","0,63","0,5","0,64","0,42","0,33","0,67","0,64","0,5","0,64","0,42","0,17","0,75","0,67","0,5","0,64","0,42","0,17","0,75","0,69","0,5","0,64","0,42","0,17","0,75","0,61","0,5","0,64","0,42","0,17","0,75","0,62","0,5","0,64","0,42","0,17","0,5","0,58","0,5","0,64","0,33","0,17","0,5","0,61","0,5","0,64","0,33","0,17","0,42","0,65","0,5","0,64","0,33","0,17","0,5","0,67","0,5","0,73","0,33","0,33"
"100","Paraguay","PRY","0,29","0,71","0,38","0,68","0,33","0,33","0,29","0,71","0,25","0,68","0,33","0,33","0,29","0,73","0,25","0,68","0,33","0,33","0,29","0,73","0,25","0,68","0,33","0,25","0,29","0,67","0,25","0,68","0,33","0,25","0,29","0,69","0,25","0,68","0,33","0,25","0,29","0,69","0,25","0,68","0,33","0,25","0,29","0,72","0,25","0,68","0,33","0,17","0,29","0,73","0,25","0,68","0,33","0,17","0,29","0,71","0,25","0,68","0,33","0,17","0,29","0,72","0,25","0,68","0,33","0,17","0,29","0,72","0,25","0,68","0,33","0,17","0,29","0,74","0,25","0,68","0,33","0,17","0,29","0,77","0,25","0,68","0,33","0,17","0,29","0,64","0,25","0,68","0,33","0,17","0,33","0,75","0,25","0,36","0,5","0,33"
"101","Peru","PER","0,79","0,63","0,5","0,73","0,5","0,5","0,79","0,58","0,5","0,64","0,5","0,33","0,79","0,59","0,5","0,68","0,5","0,33","0,79","0,59","0,5","0,68","0,5","0,33","0,79","0,63","0,5","0,64","0,5","0,33","0,79","0,6","0,5","0,59","0,5","0,42","0,79","0,59","0,5","0,64","0,58","0,42","0,79","0,58","0,5","0,64","0,58","0,42","0,83","0,57","0,5","0,64","0,5","0,42","0,83","0,61","0,5","0,64","0,5","0,42","0,83","0,59","0,5","0,64","0,5","0,42","0,83","0,58","0,5","0,64","0,5","0,42","0,83","0,59","0,5","0,64","0,5","0,42","0,83","0,56","0,5","0,64","0,5","0,42","0,83","0,55","0,5","0,59","0,5","0,33","0,5","0,67","0,5","0,55","0,5","0,67"
"102","Philippines","PHL","0,63","0,68","0,75","0,82","0,42","0,42","0,67","0,67","0,75","0,73","0,42","0,42","0,67","0,67","0,75","0,64","0,42","0,42","0,67","0,68","0,75","0,64","0,42","0,42","0,67","0,69","0,75","0,73","0,42","0,33","0,67","0,68","0,75","0,77","0,42","0,33","0,67","0,7","0,75","0,73","0,42","0,33","0,71","0,67","0,75","0,73","0,42","0,33","0,71","0,67","0,75","0,73","0,42","0,33","0,71","0,65","0,75","0,73","0,42","0,33","0,71","0,66","0,75","0,73","0,42","0,33","0,71","0,72","0,75","0,73","0,42","0,33","0,71","0,77","0,75","0,77","0,33","0,33","0,75","0,77","0,75","0,73","0,33","0,33","0,75","0,78","0,75","0,82","0,33","0,25","0,75","0,59","0,75","0,64","0,33","0,33"
"103","Poland","POL","1","0,82","0,75","0,73","0,75","0,58","1","0,83","0,75","0,77","0,75","0,58","1","0,8","0,75","0,77","0,75","0,58","1","0,77","0,75","0,73","0,75","0,5","1","0,78","0,75","0,73","0,75","0,5","1","0,83","0,75","0,82","0,75","0,42","1","0,82","0,75","0,95","0,75","0,42","1","0,85","0,75","0,95","0,75","0,42","1","0,84","0,75","0,95","0,75","0,42","1","0,8","0,75","0,91","0,75","0,42","1","0,75","0,75","0,91","0,75","0,42","1","0,81","0,75","0,95","0,75","0,42","1","0,78","0,75","0,95","0,67","0,33","1","0,8","0,75","0,91","0,67","0,33","1","0,9","0,75","0,91","0,67","0,33","1","0,82","0,75","0,73","0,67","0,5"
"104","Portugal","PRT","0,96","0,8","0,75","0,73","0,83","0,67","0,96","0,76","0,75","0,68","0,83","0,67","0,96","0,75","0,75","0,5","0,83","0,67","0,96","0,74","0,75","0,5","0,83","0,58","0,96","0,73","0,75","0,5","0,83","0,58","1","0,76","0,75","0,5","0,83","0,67","1","0,73","0,75","0,77","0,83","0,67","1","0,77","0,75","0,95","0,83","0,67","1","0,82","0,75","0,95","0,83","0,67","1","0,8","0,75","1","0,83","0,67","1","0,82","0,75","1","0,83","0,67","1","0,83","0,75","1","0,83","0,67","1","0,74","0,75","1","0,83","0,58","1","0,86","0,75","1","0,83","0,58","1","0,88","0,75","1","0,83","0,58","1","0,98","0,75","0,82","0,83","0,83"
"105","Qatar","QAT","0,5","0,83","0,5","0,82","0,83","0,67","0,5","0,83","0,5","0,82","0,83","0,67","0,5","0,83","0,5","0,82","0,83","0,67","0,5","0,83","0,5","0,82","0,83","0,5","0,5","0,83","0,5","0,82","0,83","0,5","0,5","0,82","0,5","0,77","0,83","0,42","0,5","0,85","0,5","0,82","0,83","0,42","0,5","0,85","0,5","0,82","0,83","0,42","0,5","0,85","0,5","0,82","0,83","0,42","0,5","0,85","0,5","0,82","0,83","0,42","0,5","0,85","0,5","0,82","0,83","0,42","0,5","0,85","0,5","0,82","0,83","0,42","0,5","0,85","0,5","0,82","0,83","0,33","0,5","0,85","0,5","0,82","0,83","0,33","0,5","0,89","0,5","0,82","0,83","0,33","0,5","0,93","0,5","0,82","1","0,33"
"106","Romania","ROM","0,92","0,7","0,25","0,64","0,58","0,42","0,92","0,69","0,25","0,59","0,58","0,42","0,92","0,71","0,25","0,59","0,58","0,42","0,92","0,69","0,25","0,59","0,58","0,33","0,92","0,63","0,25","0,59","0,58","0,33","0,92","0,69","0,25","0,68","0,67","0,42","0,92","0,7","0,25","0,64","0,67","0,42","0,92","0,73","0,25","0,73","0,67","0,42","0,92","0,68","0,25","0,73","0,67","0,42","0,92","0,71","0,25","0,73","0,67","0,42","0,92","0,71","0,25","0,73","0,67","0,42","0,92","0,7","0,25","0,73","0,67","0,42","0,92","0,73","0,25","0,73","0,67","0,42","0,92","0,8","0,25","0,68","0,67","0,42","0,92","0,81","0,25","0,68","0,67","0,33","0,92","0,67","0,25","0,36","0,67","0,5"
"107","Russian Federation","RUS","0,5","0,57","0,25","0,64","0,5","0,25","0,5","0,57","0,25","0,59","0,5","0,25","0,5","0,59","0,25","0,59","0,5","0,25","0,5","0,59","0,25","0,68","0,5","0,25","0,5","0,59","0,25","0,68","0,5","0,25","0,54","0,61","0,25","0,77","0,67","0,33","0,58","0,65","0,25","0,77","0,67","0,33","0,58","0,67","0,25","0,77","0,67","0,33","0,58","0,65","0,25","0,77","0,67","0,33","0,63","0,69","0,25","0,77","0,67","0,33","0,63","0,68","0,25","0,68","0,67","0,33","0,67","0,7","0,25","0,73","0,67","0,33","0,67","0,72","0,25","0,73","0,67","0,33","0,71","0,69","0,25","0,73","0,67","0,25","0,63","0,67","0,25","0,73","0,67","0,17","0,58","0,65","0,25","0,55","0,5","0,17"
"108","Saudi Arabia","SAU","0,58","0,7","0,5","0,73","0,83","0,5","0,58","0,71","0,5","0,86","0,83","0,5","0,5","0,69","0,5","0,82","0,83","0,5","0,5","0,74","0,5","0,86","0,83","0,42","0,5","0,77","0,5","0,86","0,83","0,42","0,5","0,74","0,5","0,91","0,83","0,42","0,5","0,75","0,5","0,91","0,83","0,42","0,5","0,77","0,5","0,91","0,83","0,33","0,46","0,8","0,5","0,91","0,83","0,33","0,46","0,8","0,5","0,91","0,83","0,33","0,46","0,8","0,5","0,91","0,83","0,33","0,46","0,81","0,5","0,91","0,83","0,33","0,46","0,78","0,5","0,91","0,83","0,33","0,42","0,77","0,5","0,91","0,83","0,33","0,42","0,74","0,5","0,91","0,83","0,33","0,42","0,8","0,5","0,73","0,83","0,33"
"109","Senegal","SEN","0,54","0,61","0,25","0,68","0,5","0,33","0,54","0,6","0,25","0,64","0,5","0,33","0,54","0,61","0,25","0,64","0,5","0,42","0,54","0,61","0,25","0,64","0,5","0,42","0,54","0,65","0,25","0,59","0,5","0,42","0,38","0,59","0,25","0,59","0,5","0,33","0,42","0,67","0,25","0,59","0,5","0,33","0,42","0,67","0,25","0,59","0,5","0,33","0,46","0,72","0,25","0,59","0,5","0,33","0,46","0,72","0,25","0,64","0,5","0,42","0,46","0,69","0,25","0,64","0,5","0,42","0,46","0,7","0,25","0,64","0,5","0,42","0,5","0,68","0,25","0,64","0,5","0,42","0,5","0,69","0,25","0,64","0,5","0,42","0,5","0,73","0,25","0,64","0,5","0,42","0,5","0,67","0,25","0,55","0,5","0,5"
"110","Serbia","SRB","0,79","0,64","0,5","0,5","0,58","0,33","0,79","0,63","0,5","0,55","0,58","0,33","0,79","0,65","0,5","0,55","0,58","0,33","0,79","0,61","0,5","0,55","0,58","0,33","0,79","0,59","0,5","0,55","0,58","0,33","0,79","0,63","0,5","0,59","0,58","0,33","0,79","0,65","0,5","0,55","0,58","0,33","0,79","0,64","0,5","0,59","0,58","0,33","0,79","0,61","0,5","0,59","0,58","0,33","0,79","0,67","0,5","0,59","0,58","0,33","0,67","0,65","0,5","0,59","0,58","0,33","0,67","0,64","0,5","0,64","0,58","0,33","0,67","0,67","0,5","0,64","0,58","0,33","0,67","0,65","0,5","0,64","0,58","0,33","0,5","0,55","0,5","0,64","0,5","0,17","0,42","0,58","0,5","0","0,33","0,17"
"111","Sierra Leone","SLE","0,54","0,7","0","0,5","0,58","0,33","0,54","0,72","0","0,41","0,58","0,33","0,58","0,7","0","0,41","0,58","0,33","0,58","0,75","0","0,45","0,58","0,33","0,58","0,76","0","0,45","0,58","0,25","0,58","0,78","0","0,45","0,58","0,33","0,58","0,81","0","0,55","0,58","0,33","0,58","0,8","0","0,55","0,58","0,33","0,58","0,8","0","0,55","0,58","0,25","0,58","0,82","0","0,59","0,58","0,25","0,58","0,82","0","0,59","0,58","0,25","0,58","0,82","0","0,59","0,58","0,25","0,58","0,88","0","0,59","0,58","0,42","0,46","0,71","0","0,55","0,5","0,42","0,46","0,71","0","0,5","0,5","0,42","0","0,56","0","0,09","0,5","0,5"
"112","Singapore","SGP","0,58","0,85","1","0,91","0,83","0,75","0,58","0,86","1","1","0,83","0,75","0,58","0,84","1","1","0,83","0,75","0,58","0,86","1","1","0,83","0,75","0,58","0,88","1","1","0,83","0,75","0,58","0,88","1","1","0,83","0,75","0,58","0,91","1","1","0,83","0,75","0,58","0,91","1","1","0,83","0,75","0,58","0,91","1","1","0,83","0,75","0,58","0,91","1","1","0,83","0,75","0,58","0,91","1","1","0,83","0,75","0,58","0,91","1","1","0,83","0,75","0,58","0,9","1","1","0,83","0,75","0,67","0,93","1","1","0,83","0,75","0,67","0,94","1","1","1","0,75","0,67","0,91","1","0,91","1","0,67"
"113","Slovak Republic","SVK","1","0,73","0,75","0,73","0,67","0,5","1","0,73","0,75","0,73","0,67","0,5","1","0,73","0,75","0,73","0,67","0,5","1","0,77","0,75","0,73","0,67","0,42","1","0,78","0,75","0,73","0,67","0,42","1","0,74","0,75","0,73","0,67","0,42","1","0,77","0,75","0,82","0,67","0,42","1","0,77","0,75","0,91","0,67","0,42","1","0,77","0,75","0,91","0,67","0,42","1","0,77","0,75","0,91","0,67","0,42","1","0,77","0,75","0,91","0,67","0,42","1","0,74","0,75","0,91","0,67","0,42","1","0,77","0,75","1","0,67","0,42","1","0,75","0,75","1","0,67","0,42","1","0,79","0,75","1","0,67","0,42","1","0,78","0,75","0,64","0,67","0,67"
"114","Slovenia","SVN","0,88","0,69","0,88","0,55","0,75","0,58","0,88","0,7","0,75","0,55","0,75","0,58","0,88","0,73","0,75","0,68","0,75","0,58","0,88","0,69","0,75","0,55","0,75","0,58","0,88","0,73","0,75","0,59","0,75","0,58","0,88","0,73","0,75","0,59","0,75","0,5","0,88","0,74","0,75","0,86","0,75","0,5","0,88","0,77","0,75","0,91","0,75","0,5","0,88","0,78","0,75","0,91","0,75","0,5","0,88","0,76","0,75","0,91","0,75","0,5","0,92","0,78","0,75","0,91","0,75","0,5","0,83","0,84","0,75","0,91","0,75","0,5","0,83","0,79","0,75","0,91","0,75","0,5","0,83","0,86","0,75","0,91","0,75","0,5","0,83","0,9","0,75","0,82","0,75","0,5","0,83","0,87","0,75","0,82","0,83","0,67"
"115","Somalia","SOM","0,33","0,45","0","0,18","0,08","0,17","0,21","0,44","0","0,18","0,08","0,17","0,21","0,4","0","0,18","0,08","0,17","0,21","0,4","0","0,18","0,08","0,17","0,17","0,38","0","0,09","0,08","0,17","0,17","0,3","0","0,09","0,08","0,17","0,17","0,32","0","0,09","0,08","0,17","0,17","0,33","0","0,09","0,08","0,17","0,17","0,31","0","0,09","0,08","0,17","0,17","0,32","0","0,09","0,08","0,17","0,17","0,33","0","0,09","0,08","0,17","0,17","0,37","0","0,09","0,08","0,17","0,17","0,33","0","0,14","0,08","0,17","0,17","0,32","0","0,14","0,33","0,17","0,17","0,28","0","0,14","0,33","0,17","0,17","0,54","0","0,36","0,33","0,17"
"116","South Africa","ZAF","0,83","0,66","0,5","0,55","0,33","0,42","0,83","0,69","0,5","0,64","0,33","0,42","0,83","0,69","0,5","0,55","0,33","0,42","0,83","0,67","0,5","0,64","0,33","0,42","0,83","0,65","0,5","0,77","0,42","0,42","0,83","0,69","0,5","0,77","0,42","0,42","0,83","0,68","0,5","0,77","0,42","0,5","0,83","0,73","0,5","0,77","0,42","0,42","0,83","0,69","0,5","0,86","0,42","0,42","0,83","0,75","0,5","0,86","0,42","0,42","0,83","0,75","0,5","0,86","0,42","0,42","0,83","0,76","0,5","0,91","0,42","0,42","0,83","0,79","0,5","0,91","0,42","0,33","0,79","0,74","0,5","0,91","0,42","0,33","0,67","0,68","0,5","0,86","0,25","0,42","0,75","0,69","0,5","0,55","0,33","0,5"
"117","Spain","ESP","0,92","0,68","0,75","0,82","0,83","0,58","0,92","0,67","0,75","0,73","0,83","0,58","0,92","0,64","0,75","0,68","0,83","0,58","0,92","0,64","0,75","0,68","0,83","0,67","0,92","0,66","0,75","0,5","0,83","0,67","0,92","0,66","0,75","0,55","0,83","0,67","0,92","0,63","0,75","0,82","0,83","0,67","0,92","0,7","0,75","0,91","0,83","0,67","0,92","0,71","0,75","0,95","0,83","0,67","0,92","0,73","0,75","1","0,83","0,67","0,92","0,77","0,75","1","0,83","0,67","0,92","0,72","0,75","1","0,83","0,67","0,92","0,75","0,75","1","0,83","0,67","0,83","0,77","1","1","0,75","0,58","0,92","0,78","1","1","0,75","0,58","0,92","0,76","1","0,91","0,67","0,67"
"118","Sri Lanka","LKA","0,58","0,66","0,5","0,55","0,58","0,42","0,58","0,72","0,5","0,59","0,58","0,42","0,42","0,61","0,5","0,64","0,42","0,42","0,42","0,61","0,5","0,64","0,42","0,42","0,42","0,62","0,5","0,59","0,42","0,42","0,42","0,65","0,5","0,59","0,42","0,42","0,42","0,66","0,5","0,68","0,42","0,42","0,5","0,63","0,5","0,68","0,5","0,42","0,5","0,57","0,5","0,59","0,5","0,42","0,5","0,57","0,5","0,59","0,5","0,42","0,5","0,59","0,5","0,59","0,5","0,42","0,5","0,57","0,5","0,59","0,5","0,42","0,5","0,54","0,5","0,59","0,5","0,5","0,58","0,55","0,5","0,64","0,5","0,5","0,58","0,64","0,5","0,68","0,5","0,5","0,5","0,45","0,5","0,45","0,5","0,67"
"119","Sudan","SDN","0,17","0,4","0,25","0,5","0,42","0,08","0,17","0,4","0,25","0,5","0,42","0,08","0,17","0,4","0,25","0,55","0,42","0,08","0,17","0,46","0,25","0,55","0,42","0,08","0,17","0,46","0,25","0,55","0,42","0,08","0,17","0,44","0,25","0,55","0,42","0,17","0,17","0,47","0,25","0,59","0,42","0,17","0,17","0,48","0,25","0,59","0,42","0,17","0,17","0,54","0,25","0,59","0,42","0,17","0,17","0,53","0,25","0,59","0,42","0,17","0,17","0,56","0,25","0,59","0,42","0,17","0,17","0,61","0,25","0,59","0,42","0,17","0,17","0,6","0,25","0,59","0,42","0,17","0,29","0,6","0,25","0,45","0,42","0,17","0,29","0,58","0,25","0,45","0,42","0,17","0,17","0,48","0,25","0,18","0,33","0,17"
"120","Suriname","SUR","0,71","0,7","0,5","0,55","0,5","0,33","0,71","0,7","0,5","0,55","0,5","0,33","0,71","0,7","0,5","0,55","0,5","0,33","0,71","0,7","0,5","0,55","0,5","0,33","0,71","0,7","0,5","0,55","0,5","0,33","0,71","0,71","0,5","0,55","0,5","0,33","0,71","0,68","0,5","0,55","0,5","0,33","0,71","0,68","0,5","0,55","0,5","0,33","0,71","0,68","0,5","0,55","0,5","0,33","0,71","0,68","0,5","0,55","0,5","0,33","0,71","0,68","0,5","0,55","0,5","0,33","0,71","0,69","0,5","0,55","0,5","0,33","0,67","0,75","0,5","0,45","0,5","0,33","0,67","0,76","0,5","0,41","0,5","0,33","0,67","0,76","0,5","0,41","0,5","0,33","0,67","0,71","0,5","0,36","0,5","0,5"
"121","Sweden","SWE","0,96","0,77","1","1","1","0,92","0,96","0,77","1","1","1","0,92","0,96","0,75","1","1","1","0,92","0,96","0,78","1","1","1","0,92","0,96","0,79","1","1","1","0,92","0,96","0,79","1","1","1","0,83","0,96","0,79","1","1","1","0,83","0,96","0,83","1","1","1","0,83","0,96","0,82","1","1","1","0,83","0,96","0,82","1","1","1","0,83","0,96","0,84","1","1","1","0,83","0,96","0,84","1","1","1","0,83","0,96","0,88","1","1","1","0,83","0,96","0,84","1","1","1","0,92","0,96","0,86","1","1","1","0,92","1","0,87","1","0,73","1","1"
"122","Switzerland","CHE","1","0,81","1","0,95","0,83","0,83","1","0,81","1","0,95","0,83","0,83","1","0,81","1","0,95","0,83","0,83","1","0,81","1","0,95","0,83","0,83","1","0,81","1","0,95","0,83","0,83","1","0,8","1","0,95","0,83","0,75","1","0,8","1","0,95","0,83","0,75","1","0,8","1","0,95","0,83","0,75","1","0,83","1","0,95","0,83","0,75","1","0,84","1","1","0,83","0,75","1","0,83","1","1","0,83","0,75","1","0,83","1","1","0,83","0,75","1","0,84","1","0,95","0,83","0,75","1","0,83","1","0,95","0,83","0,75","1","0,91","1","0,95","0,83","0,75","1","0,89","1","0,73","1","0,83"
"123","Syrian Arab Republic","SYR","0,25","0,45","0,38","0,45","0,75","0,17","0,25","0,42","0,38","0,27","0,75","0,17","0,25","0,42","0,38","0,27","0,75","0,17","0,25","0,42","0,38","0,27","0,75","0,25","0,25","0,43","0,38","0,36","0,75","0,25","0,25","0,47","0,38","0,36","0,75","0,33","0,25","0,69","0,38","0,41","0,83","0,33","0,25","0,69","0,38","0,36","0,83","0,33","0,25","0,69","0,38","0,36","0,83","0,33","0,25","0,69","0,25","0,36","0,83","0,33","0,25","0,71","0,25","0,36","0,83","0,33","0,25","0,71","0,25","0,45","0,83","0,33","0,25","0,73","0,25","0,5","0,83","0,33","0,25","0,86","0,25","0,5","0,83","0,33","0,25","0,89","0,25","0,5","0,83","0,33","0,25","0,91","0,25","0,36","0,83","0,33"
"124","Taiwan, China","TWN","0,75","0,74","0,75","0,95","0,83","0,5","0,75","0,74","0,75","0,95","0,83","0,5","0,75","0,69","0,75","0,95","0,83","0,5","0,75","0,69","0,75","0,95","0,83","0,5","0,75","0,71","0,75","0,95","0,83","0,5","0,75","0,74","0,75","0,95","0,83","0,5","0,75","0,77","0,75","0,95","0,83","0,5","0,75","0,77","0,75","0,95","0,83","0,5","0,75","0,75","0,75","0,95","0,83","0,5","0,75","0,66","0,75","0,95","0,83","0,42","0,75","0,66","0,75","0,95","0,83","0,42","0,75","0,74","0,75","0,95","0,83","0,5","0,75","0,72","0,75","0,95","0,83","0,5","0,75","0,74","0,75","0,95","0,67","0,5","0,75","0,74","0,75","0,95","0,67","0,5","0,75","0,8","0,75","0,82","0,67","0,33"
"125","Tanzania","TZA","0,67","0,68","0,25","0,64","0,83","0,33","0,67","0,69","0,25","0,64","0,83","0,33","0,67","0,66","0,25","0,64","0,83","0,33","0,67","0,71","0,25","0,59","0,83","0,33","0,67","0,75","0,25","0,59","0,83","0,33","0,67","0,76","0,25","0,59","0,83","0,42","0,67","0,78","0,25","0,59","0,83","0,42","0,67","0,76","0,25","0,59","0,83","0,5","0,67","0,78","0,25","0,5","0,83","0,5","0,67","0,76","0,25","0,5","0,83","0,58","0,67","0,76","0,25","0,5","0,83","0,42","0,67","0,72","0,25","0,59","0,83","0,33","0,67","0,73","0,25","0,59","0,83","0,33","0,67","0,73","0,25","0,59","0,83","0,33","0,67","0,73","0,25","0,59","0,83","0,33","0,67","0,71","0,25","0,64","0,83","0,33"
"126","Thailand","THA","0,38","0,63","0,5","0,64","0,42","0,33","0,42","0,63","0,5","0,59","0,42","0,33","0,42","0,61","0,5","0,59","0,42","0,33","0,54","0,6","0,5","0,68","0,42","0,33","0,54","0,61","0,5","0,68","0,42","0,33","0,54","0,66","0,5","0,68","0,42","0,33","0,63","0,55","0,5","0,59","0,42","0,33","0,67","0,56","0,5","0,59","0,42","0,33","0,67","0,55","0,5","0,59","0,42","0,33","0,67","0,57","0,5","0,55","0,42","0,25","0,67","0,62","0,5","0,68","0,42","0,25","0,71","0,63","0,5","0,68","0,42","0,25","0,67","0,68","0,5","0,68","0,42","0,25","0,67","0,81","0,5","0,73","0,42","0,25","0,67","0,83","0,5","0,68","0,83","0,25","0,67","0,84","0,5","0,73","0,83","0,33"
"127","Togo","TGO","0,38","0,61","0","0,59","0,5","0,33","0,38","0,62","0","0,59","0,5","0,33","0,17","0,61","0","0,59","0,5","0,33","0,17","0,62","0","0,59","0,5","0,25","0,17","0,58","0","0,59","0,5","0,25","0,17","0,62","0","0,59","0,5","0,33","0,17","0,67","0","0,59","0,5","0,33","0,21","0,67","0","0,59","0,5","0,25","0,21","0,69","0","0,59","0,5","0,25","0,21","0,69","0","0,59","0,5","0,25","0,21","0,65","0","0,59","0,5","0,25","0,17","0,63","0","0,59","0,5","0,25","0,25","0,66","0","0,59","0,5","0,25","0,25","0,61","0","0,59","0,5","0,25","0,25","0,65","0","0,59","0,5","0,25","0,25","0,61","0","0,45","0,5","0,33"
"128","Trinidad and Tobago","TTO","0,75","0,69","0,75","0,64","0,33","0,33","0,75","0,7","0,75","0,73","0,33","0,33","0,75","0,69","0,75","0,82","0,33","0,33","0,75","0,68","0,75","0,95","0,33","0,33","0,75","0,7","0,75","0,95","0,42","0,33","0,75","0,77","0,75","0,95","0,42","0,33","0,75","0,77","0,75","0,95","0,42","0,33","0,75","0,75","0,75","0,95","0,42","0,33","0,75","0,75","0,75","0,95","0,42","0,33","0,75","0,75","0,75","0,95","0,42","0,33","0,75","0,75","0,75","0,95","0,42","0,33","0,75","0,76","0,75","0,95","0,42","0,33","0,75","0,65","0,75","0,95","0,33","0,33","0,75","0,59","0,75","0,95","0,33","0,33","0,75","0,54","0,75","0,95","0,5","0,33","0,75","0,65","0,75","0,73","0,67","0,5"
"129","Tunisia","TUN","0,71","0,69","0,5","0,5","0,83","0,42","0,71","0,65","0,5","0,64","0,83","0,42","0,71","0,67","0,5","0,59","0,83","0,42","0,54","0,67","0,5","0,45","0,83","0,42","0,5","0,71","0,5","0,5","0,83","0,42","0,5","0,8","0,5","0,59","0,83","0,5","0,5","0,86","0,5","0,68","0,83","0,5","0,5","0,88","0,5","0,68","0,83","0,33","0,5","0,88","0,5","0,68","0,83","0,33","0,5","0,88","0,5","0,68","0,83","0,33","0,5","0,88","0,5","0,68","0,83","0,33","0,5","0,89","0,5","0,64","0,83","0,33","0,5","0,9","0,5","0,73","0,83","0,33","0,5","0,89","0,5","0,73","0,83","0,33","0,5","0,88","0,5","0,64","0,83","0,33","0,5","0,89","0,5","0,82","0,83","0,5"
"130","Turkey","TUR","0,46","0,52","0,5","0,5","0,5","0,42","0,5","0,49","0,5","0,45","0,5","0,42","0,5","0,5","0,5","0,45","0,5","0,42","0,46","0,49","0,5","0,5","0,58","0,42","0,5","0,52","0,5","0,64","0,58","0,42","0,5","0,55","0,5","0,59","0,58","0,42","0,54","0,55","0,5","0,59","0,58","0,42","0,58","0,55","0,5","0,59","0,75","0,42","0,58","0,56","0,5","0,59","0,75","0,42","0,58","0,59","0,5","0,64","0,75","0,42","0,67","0,6","0,5","0,64","0,75","0,42","0,79","0,66","0,5","0,64","0,75","0,42","0,79","0,72","0,5","0,64","0,75","0,42","0,75","0,62","0,5","0,59","0,75","0,42","0,38","0,69","0,5","0,59","0,67","0,33","0,58","0,61","0,5","0,82","0,67","0,5"
"131","United Arab Emirates","ARE","0,63","0,78","0,75","0,86","0,67","0,67","0,63","0,78","0,75","0,95","0,67","0,67","0,63","0,79","0,75","0,95","0,67","0,67","0,63","0,84","0,75","0,95","0,67","0,58","0,63","0,86","0,75","0,82","0,67","0,58","0,63","0,86","0,75","0,82","0,67","0,58","0,63","0,87","0,75","0,91","0,67","0,58","0,63","0,87","0,75","0,91","0,67","0,42","0,63","0,87","0,75","0,91","0,67","0,42","0,63","0,87","0,75","0,95","0,67","0,33","0,58","0,86","0,75","0,95","0,67","0,33","0,58","0,86","0,75","0,95","0,67","0,33","0,58","0,83","0,75","0,95","0,67","0,33","0,58","0,83","0,75","0,95","0,67","0,33","0,58","0,81","0,75","0,95","0,67","0,33","0,58","0,85","0,75","0,55","0,67","0,33"
"132","Uganda","UGA","0,38","0,56","0,5","0,68","0,58","0,25","0,38","0,6","0,5","0,68","0,58","0,25","0,38","0,52","0,5","0,64","0,58","0,25","0,38","0,52","0,5","0,64","0,58","0,25","0,38","0,56","0,5","0,55","0,58","0,25","0,38","0,56","0,5","0,59","0,58","0,33","0,38","0,57","0,5","0,64","0,58","0,33","0,38","0,61","0,5","0,68","0,58","0,33","0,38","0,61","0,5","0,68","0,58","0,33","0,38","0,61","0,5","0,68","0,58","0,33","0,38","0,63","0,5","0,68","0,67","0,33","0,38","0,61","0,5","0,68","0,67","0,33","0,38","0,61","0,5","0,68","0,67","0,33","0,38","0,64","0,5","0,68","0,67","0,33","0,33","0,66","0,5","0,73","0,67","0,33","0,33","0,73","0,5","0,64","0,67","0,33"
"133","Ukraine","UKR","0,83","0,6","0,25","0,64","0,67","0,33","0,83","0,56","0,25","0,59","0,67","0,25","0,83","0,62","0,25","0,45","0,67","0,25","0,83","0,67","0,25","0,45","0,67","0,25","0,83","0,7","0,25","0,5","0,67","0,25","0,83","0,72","0,25","0,5","0,67","0,33","0,83","0,72","0,25","0,41","0,67","0,33","0,88","0,68","0,25","0,45","0,67","0,33","0,88","0,69","0,25","0,45","0,67","0,33","0,88","0,76","0,25","0,64","0,67","0,33","0,88","0,71","0,25","0,64","0,67","0,33","0,83","0,75","0,25","0,64","0,67","0,33","0,58","0,66","0,25","0,55","0,67","0,17","0,58","0,7","0,25","0,45","0,67","0,17","0,58","0,68","0,25","0,45","0,67","0,17","0,67","0,73","0,25","0,18","0,67","0,33"
"134","United Kingdom","GBR","1","0,71","1","0,95","0,83","0,83","1","0,73","1","1","0,83","0,83","1","0,7","1","0,95","0,83","0,83","1","0,68","1","0,86","0,83","0,75","1","0,67","1","0,68","0,83","0,75","1","0,66","1","0,68","0,83","0,67","1","0,68","1","0,95","0,92","0,67","1","0,6","1","0,86","0,92","0,67","1","0,66","1","0,86","0,92","0,67","1","0,66","1","1","0,92","0,67","1","0,66","1","1","0,92","0,67","1","0,66","1","1","0,92","0,75","1","0,68","1","1","0,92","0,75","1","0,72","1","1","1","0,75","1","0,72","1","1","1","0,75","1","0,82","1","0,91","1","0,83"
"135","United States","USA","0,83","0,81","1","1","0,83","0,75","0,83","0,79","1","1","0,83","0,75","0,83","0,74","1","1","0,83","0,75","0,83","0,73","1","1","0,83","0,58","0,83","0,8","1","1","0,83","0,67","0,83","0,8","1","1","0,83","0,67","0,83","0,75","1","1","0,83","0,67","0,83","0,81","1","1","0,83","0,67","0,83","0,79","1","0,91","0,83","0,67","0,83","0,66","1","1","0,83","0,67","0,83","0,71","1","1","0,83","0,67","0,83","0,73","1","1","0,83","0,83","0,83","0,79","1","0,95","0,83","0,83","0,88","0,8","1","0,95","0,83","0,67","0,88","0,75","1","1","0,83","0,67","0,92","0,8","1","0,91","1","0,67"
"136","Uruguay","URY","0,71","0,76","0,5","0,82","0,42","0,75","0,71","0,78","0,5","0,82","0,42","0,75","0,71","0,81","0,5","0,82","0,42","0,75","0,71","0,78","0,5","0,82","0,42","0,67","0,71","0,78","0,5","0,82","0,42","0,67","0,71","0,85","0,5","0,77","0,42","0,58","0,75","0,85","0,5","0,77","0,42","0,58","0,75","0,82","0,5","0,77","0,42","0,5","0,75","0,81","0,5","0,77","0,42","0,5","0,75","0,83","0,5","0,77","0,42","0,5","0,75","0,84","0,5","0,77","0,42","0,5","0,75","0,88","0,5","0,77","0,42","0,5","0,83","0,9","0,5","0,82","0,42","0,5","0,83","0,83","0,5","0,68","0,42","0,5","0,83","0,81","0,5","0,86","0,42","0,5","0,83","0,89","0,5","0,82","0,5","0,5"
"137","Venezuela, RB","VEN","0,29","0,61","0,25","0,27","0,17","0,17","0,29","0,61","0,25","0,27","0,17","0,17","0,29","0,62","0,25","0,27","0,17","0,17","0,29","0,65","0,25","0,27","0,17","0,17","0,29","0,69","0,25","0,27","0,17","0,17","0,29","0,67","0,25","0,27","0,17","0,17","0,29","0,7","0,25","0,14","0,17","0,17","0,29","0,69","0,25","0,14","0,17","0,17","0,29","0,72","0,25","0,14","0,25","0,17","0,33","0,74","0,25","0,14","0,33","0,17","0,38","0,74","0,25","0,14","0,33","0,25","0,38","0,74","0,25","0,23","0,5","0,25","0,38","0,71","0,25","0,18","0,5","0,25","0,38","0,7","0,25","0,27","0,17","0,25","0,38","0,56","0,25","0,45","0,33","0,25","0,5","0,75","0,25","0,27","0,67","0,5"
"138","Vietnam","VNM","0,38","0,76","0,5","0,64","0,67","0,42","0,38","0,79","0,5","0,64","0,67","0,42","0,38","0,78","0,5","0,64","0,67","0,42","0,38","0,76","0,5","0,55","0,67","0,42","0,38","0,78","0,5","0,55","0,67","0,42","0,38","0,79","0,5","0,55","0,67","0,42","0,38","0,84","0,5","0,64","0,67","0,42","0,33","0,85","0,5","0,64","0,67","0,58","0,33","0,85","0,5","0,64","0,67","0,58","0,33","0,86","0,5","0,73","0,67","0,58","0,33","0,86","0,5","0,73","0,67","0,42","0,33","0,86","0,5","0,68","0,67","0,25","0,33","0,86","0,5","0,68","0,67","0,25","0,25","0,88","0,5","0,55","0,67","0,25","0,25","0,88","0,5","0,59","0,67","0,25","0,25","0,91","0,5","0,55","0,83","0,33"
"139","Yemen, Rep.","YEM","0,42","0,51","0,25","0,32","0,33","0,17","0,42","0,4","0,25","0,32","0,33","0,17","0,58","0,56","0,25","0,41","0,33","0,17","0,58","0,59","0,25","0,41","0,33","0,25","0,54","0,59","0,25","0,41","0,33","0,25","0,54","0,59","0,25","0,45","0,33","0,33","0,63","0,63","0,25","0,64","0,33","0,33","0,63","0,63","0,25","0,64","0,33","0,33","0,67","0,72","0,25","0,64","0,33","0,33","0,67","0,72","0,25","0,64","0,33","0,33","0,67","0,75","0,25","0,64","0,33","0,33","0,67","0,73","0,25","0,64","0,33","0,33","0,67","0,72","0,25","0,64","0,33","0,33","0,67","0,73","0,25","0,64","0,33","0,33","0,58","0,7","0,25","0,64","0,33","0,33","0,67","0,78","0,25","0,64","0,33","0,5"
"140","Zambia","ZMB","0,75","0,77","0,25","0,55","0,67","0,42","0,75","0,73","0,25","0,55","0,67","0,42","0,75","0,71","0,25","0,5","0,67","0,42","0,75","0,71","0,25","0,5","0,67","0,42","0,75","0,79","0,25","0,45","0,67","0,42","0,75","0,77","0,25","0,45","0,67","0,5","0,75","0,78","0,25","0,45","0,67","0,5","0,75","0,78","0,25","0,45","0,67","0,5","0,75","0,79","0,25","0,45","0,67","0,5","0,75","0,78","0,25","0,45","0,67","0,58","0,75","0,77","0,25","0,5","0,67","0,5","0,79","0,78","0,25","0,55","0,67","0,5","0,79","0,78","0,25","0,45","0,67","0,5","0,75","0,69","0,25","0,45","0,67","0,33","0,75","0,61","0,25","0,45","0,67","0,33","0,75","0,78","0,25","0,82","0,67","0,33"
"141","Zimbabwe","ZWE","0,33","0,64","0,38","0,27","0,5","0,17","0,33","0,66","0,38","0,27","0,5","0,17","0,33","0,64","0,38","0,14","0,5","0,17","0,33","0,68","0,38","0,14","0,5","0,17","0,33","0,63","0,38","0","0,5","0,17","0,33","0,63","0,38","0","0,5","0,08","0,33","0,61","0,38","0","0,5","0,08","0,33","0,62","0,38","0","0,5","0","0,33","0,61","0,38","0","0,5","0","0,38","0,6","0,38","0","0,5","0","0,42","0,67","0,38","0","0,5","0","0,42","0,68","0,38","0,05","0,5","0","0,33","0,63","0,5","0,05","0,5","0","0,33","0,61","0,5","0,05","0,08","0","0,33","0,44","0,5","0,14","0,08","0","0,5","0,53","0,5","0,09","0,33","0,17"
